"Origin Movement ID","Origin Display Name","Destination Movement ID","Destination Display Name","Date Range","Mean Travel Time (Seconds)","Range - Lower Bound Travel Time (Seconds)","Range - Upper Bound Travel Time (Seconds)"
"399","0 Fountain Road, Fordsburg, Johannesburg","2","0 Marconi Nook, Hennopspark, Centurion","07/31/2016 - 08/28/2016, Every day, Daily Average",1969,1375,2817
"399","0 Fountain Road, Fordsburg, Johannesburg","26","0 Voyager Street, Frankenwald, Sandton","07/31/2016 - 08/28/2016, Every day, Daily Average",2666,1085,6550
"399","0 Fountain Road, Fordsburg, Johannesburg","27","0 11th Avenue, Sydenham, Johannesburg","07/31/2016 - 08/28/2016, Every day, Daily Average",1169,749,1823
"399","0 Fountain Road, Fordsburg, Johannesburg","28","0 Murray Street, Waverley, Johannesburg","07/31/2016 - 08/28/2016, Every day, Daily Average",861,486,1525
"399","0 Fountain Road, Fordsburg, Johannesburg","30","0 Lebombo Place, Glenvista, Johannesburg South","07/31/2016 - 08/28/2016, Every day, Daily Average",1020,710,1464
"399","0 Fountain Road, Fordsburg, Johannesburg","31","Cayman Road, Olifantsvlei 327-Iq, Johannesburg South","07/31/2016 - 08/28/2016, Every day, Daily Average",947,677,1322
"399","0 Fountain Road, Fordsburg, Johannesburg","32","Main Road, Soweto","07/31/2016 - 08/28/2016, Every day, Daily Average",1840,1335,2535
"399","0 Fountain Road, Fordsburg, Johannesburg","33","100 East Street, Devland, Soweto","07/31/2016 - 08/28/2016, Every day, Daily Average",844,569,1251
"399","0 Fountain Road, Fordsburg, Johannesburg","36","0 Soetdoring Street, Dowerglen, Edenvale","07/31/2016 - 08/28/2016, Every day, Daily Average",1597,912,2795
"399","0 Fountain Road, Fordsburg, Johannesburg","50","Mimetic Road, Eikenhof","07/31/2016 - 08/28/2016, Every day, Daily Average",1161,843,1597
"399","0 Fountain Road, Fordsburg, Johannesburg","57","Unnamed Road, Eikenhof","07/31/2016 - 08/28/2016, Every day, Daily Average",1226,912,1646
"399","0 Fountain Road, Fordsburg, Johannesburg","84","0 Boca Loop, Centurion Golf Estate, Centurion","07/31/2016 - 08/28/2016, Every day, Daily Average",2227,1515,3272
"399","0 Fountain Road, Fordsburg, Johannesburg","86","0 Burger Road, President Park AH, Midrand","07/31/2016 - 08/28/2016, Every day, Daily Average",1562,1111,2194
"399","0 Fountain Road, Fordsburg, Johannesburg","88","200 Wilson Street, Fairland, Randburg","07/31/2016 - 08/28/2016, Every day, Daily Average",1341,967,1859
"399","0 Fountain Road, Fordsburg, Johannesburg","89","0 Frost Avenue, Braamfontein Werf, Johannesburg","07/31/2016 - 08/28/2016, Every day, Daily Average",174,67,445
"399","0 Fountain Road, Fordsburg, Johannesburg","90","0 Erlswold Way, Randburg","07/31/2016 - 08/28/2016, Every day, Daily Average",459,257,817
"399","0 Fountain Road, Fordsburg, Johannesburg","91","0 Majuba Lane, Morningside, Sandton","07/31/2016 - 08/28/2016, Every day, Daily Average",1486,1036,2129
"399","0 Fountain Road, Fordsburg, Johannesburg","95","Unnamed Road, Thulani, Soweto","07/31/2016 - 08/28/2016, Every day, Daily Average",2346,1791,3071
"399","0 Fountain Road, Fordsburg, Johannesburg","96","2100 Relebone Street, Naledi, Soweto","07/31/2016 - 08/28/2016, Every day, Daily Average",1931,1527,2441
"399","0 Fountain Road, Fordsburg, Johannesburg","97","300 Jan de Necker Drive, Devland, Soweto","07/31/2016 - 08/28/2016, Every day, Daily Average",856,553,1324
"399","0 Fountain Road, Fordsburg, Johannesburg","103","100 Nederveen Highway, Roodekop, Germiston","07/31/2016 - 08/28/2016, Every day, Daily Average",1292,921,1811
"399","0 Fountain Road, Fordsburg, Johannesburg","303","Rooihuiskraal Road, Centurion","07/31/2016 - 08/28/2016, Every day, Daily Average",1915,1266,2895
"399","0 Fountain Road, Fordsburg, Johannesburg","304","0 Pelican Avenue, Rooihuiskraal, Centurion","07/31/2016 - 08/28/2016, Every day, Daily Average",1843,1329,2554
"399","0 Fountain Road, Fordsburg, Johannesburg","321","1100 Bernini Crescent, Centurion","07/31/2016 - 08/28/2016, Every day, Daily Average",2438,1621,3665
"399","0 Fountain Road, Fordsburg, Johannesburg","322","0 Adriana Crescent, Rooihuiskraal, Centurion","07/31/2016 - 08/28/2016, Every day, Daily Average",1962,1286,2992
"399","0 Fountain Road, Fordsburg, Johannesburg","323","100 Brakfontein Road, Louwlardia, Centurion","07/31/2016 - 08/28/2016, Every day, Daily Average",2040,1316,3160
"399","0 Fountain Road, Fordsburg, Johannesburg","326","200 Witch-Hazel Avenue, Eco-Park Estate, Centurion","07/31/2016 - 08/28/2016, Every day, Daily Average",2399,1558,3693
"399","0 Fountain Road, Fordsburg, Johannesburg","327","John Vorster Drive, Centurion Central, Centurion","07/31/2016 - 08/28/2016, Every day, Daily Average",2113,1473,3029
"399","0 Fountain Road, Fordsburg, Johannesburg","329","0 Hunters Road, Hunters Hill A. H., Randburg","07/31/2016 - 08/28/2016, Every day, Daily Average",1806,1341,2431
"399","0 Fountain Road, Fordsburg, Johannesburg","340","0 Constantia Street, Sonnedal AH, Roodepoort","07/31/2016 - 08/28/2016, Every day, Daily Average",2334,1667,3266
"399","0 Fountain Road, Fordsburg, Johannesburg","341","0 Valley Road, North Riding AH, Roodepoort","07/31/2016 - 08/28/2016, Every day, Daily Average",2135,1528,2981
"399","0 Fountain Road, Fordsburg, Johannesburg","342","0 Boschkop Avenue, Boskruin, Randburg","07/31/2016 - 08/28/2016, Every day, Daily Average",1581,1102,2266
"399","0 Fountain Road, Fordsburg, Johannesburg","343","0 Lima Street, Olivedale, Randburg","07/31/2016 - 08/28/2016, Every day, Daily Average",1899,1410,2557
"399","0 Fountain Road, Fordsburg, Johannesburg","344","100 Pritchard Street, Noordhang, Randburg","07/31/2016 - 08/28/2016, Every day, Daily Average",2094,1648,2660
"399","0 Fountain Road, Fordsburg, Johannesburg","345","Pontac Road, Kya Sand, Randburg","07/31/2016 - 08/28/2016, Every day, Daily Average",2292,1751,2999
"399","0 Fountain Road, Fordsburg, Johannesburg","347","1400 Chiltern Crescent, Dainfern, Midrand","07/31/2016 - 08/28/2016, Every day, Daily Average",2335,1732,3146
"399","0 Fountain Road, Fordsburg, Johannesburg","348","0 Campbell Road, Craigavon AH, Sandton","07/31/2016 - 08/28/2016, Every day, Daily Average",1935,1416,2643
"399","0 Fountain Road, Fordsburg, Johannesburg","352","Unnamed Road, Waterval 5-Ir, Midrand","07/31/2016 - 08/28/2016, Every day, Daily Average",1470,911,2370
"399","0 Fountain Road, Fordsburg, Johannesburg","353","0 Mimosa Road, Noordwyk, Johannesburg","07/31/2016 - 08/28/2016, Every day, Daily Average",1932,1316,2835
"399","0 Fountain Road, Fordsburg, Johannesburg","354","0 Riverside Road, Noordwyk, Midrand","07/31/2016 - 08/28/2016, Every day, Daily Average",1618,1080,2422
"399","0 Fountain Road, Fordsburg, Johannesburg","355","1200 Lever Road, Country View, Midrand","07/31/2016 - 08/28/2016, Every day, Daily Average",1759,1194,2589
"399","0 Fountain Road, Fordsburg, Johannesburg","357","0 Everfair Avenue, Randjesfontein, Midrand","07/31/2016 - 08/28/2016, Every day, Daily Average",2433,1372,4311
"399","0 Fountain Road, Fordsburg, Johannesburg","362","600 Gallagher Avenue, Halfway House, Midrand","07/31/2016 - 08/28/2016, Every day, Daily Average",1587,998,2522
"399","0 Fountain Road, Fordsburg, Johannesburg","363","Alsatian Road, Glen Austin AH, Midrand","07/31/2016 - 08/28/2016, Every day, Daily Average",1407,901,2196
"399","0 Fountain Road, Fordsburg, Johannesburg","365","0 Nola Avenue, Buccleuch, Sandton","07/31/2016 - 08/28/2016, Every day, Daily Average",1443,853,2439
"399","0 Fountain Road, Fordsburg, Johannesburg","366","0 Berger Road, Vorna Valley, Midrand","07/31/2016 - 08/28/2016, Every day, Daily Average",1441,985,2106
"399","0 Fountain Road, Fordsburg, Johannesburg","367","400 Stirrupcup Street, Kyalami Estate, Midrand","07/31/2016 - 08/28/2016, Every day, Daily Average",2069,1475,2901
"399","0 Fountain Road, Fordsburg, Johannesburg","370","Blinkblaar Street, Rietfontein 2-Ir, Sandton","07/31/2016 - 08/28/2016, Every day, Daily Average",2038,1488,2789
"399","0 Fountain Road, Fordsburg, Johannesburg","371","0 Blueberry Lane, Magaliessig, Sandton","07/31/2016 - 08/28/2016, Every day, Daily Average",1658,1161,2366
"399","0 Fountain Road, Fordsburg, Johannesburg","374","0 Jubie Road, Barbeque Downs, Midrand","07/31/2016 - 08/28/2016, Every day, Daily Average",1993,1447,2743
"399","0 Fountain Road, Fordsburg, Johannesburg","375","0 Kleinste Street, Sunninghill, Sandton","07/31/2016 - 08/28/2016, Every day, Daily Average",1374,849,2222
"399","0 Fountain Road, Fordsburg, Johannesburg","376","0 Maluti Avenue, Paulshof, Sandton","07/31/2016 - 08/28/2016, Every day, Daily Average",1490,1017,2182
"399","0 Fountain Road, Fordsburg, Johannesburg","379","0 Modderfontein Road, Modderfontein, Lethabong","07/31/2016 - 08/28/2016, Every day, Daily Average",1967,1173,3297
"399","0 Fountain Road, Fordsburg, Johannesburg","380","100 1st Road, Linbro Park AH, Sandton","07/31/2016 - 08/28/2016, Every day, Daily Average",2851,1481,5488
"399","0 Fountain Road, Fordsburg, Johannesburg","381","0 North Way, Kelvin, Sandton","07/31/2016 - 08/28/2016, Every day, Daily Average",1275,774,2100
"399","0 Fountain Road, Fordsburg, Johannesburg","382","0 Lincoln Lane, Khyber Rock, Sandton","07/31/2016 - 08/28/2016, Every day, Daily Average",1103,720,1689
"399","0 Fountain Road, Fordsburg, Johannesburg","383","Rivonia Axis, 11th Avenue, Edenburg, Sandton","07/31/2016 - 08/28/2016, Every day, Daily Average",1558,1061,2287
"399","0 Fountain Road, Fordsburg, Johannesburg","385","0 Wilton Avenue, Bryanston, Sandton","07/31/2016 - 08/28/2016, Every day, Daily Average",1778,1303,2424
"399","0 Fountain Road, Fordsburg, Johannesburg","386","0 Bryanston Drive, Bryanston, Sandton","07/31/2016 - 08/28/2016, Every day, Daily Average",1746,1210,2518
"399","0 Fountain Road, Fordsburg, Johannesburg","387","0 Vale Avenue, Ferndale, Randburg","07/31/2016 - 08/28/2016, Every day, Daily Average",1671,1111,2511
"399","0 Fountain Road, Fordsburg, Johannesburg","388","0 Jan K Marais Avenue, Malanshof, Randburg","07/31/2016 - 08/28/2016, Every day, Daily Average",1679,1178,2392
"399","0 Fountain Road, Fordsburg, Johannesburg","389","0 Annie Road, Fontainebleau, Randburg","07/31/2016 - 08/28/2016, Every day, Daily Average",1485,1023,2153
"399","0 Fountain Road, Fordsburg, Johannesburg","390","Republic Road, Cresta, Randburg","07/31/2016 - 08/28/2016, Every day, Daily Average",1357,927,1985
"399","0 Fountain Road, Fordsburg, Johannesburg","391","500 Katberg Street, Bergbron, Randburg","07/31/2016 - 08/28/2016, Every day, Daily Average",1030,739,1435
"399","0 Fountain Road, Fordsburg, Johannesburg","392","0 Ridgeview Road, Northcliff, Randburg","07/31/2016 - 08/28/2016, Every day, Daily Average",1085,767,1534
"399","0 Fountain Road, Fordsburg, Johannesburg","393","0 Annadale Street, Sophiatown, Johannesburg","07/31/2016 - 08/28/2016, Every day, Daily Average",861,610,1214
"399","0 Fountain Road, Fordsburg, Johannesburg","395","0 Bradley Crescent, Westbury, Johannesburg","07/31/2016 - 08/28/2016, Every day, Daily Average",798,547,1163
"399","0 Fountain Road, Fordsburg, Johannesburg","396","0 Bellona Road, Mayfair West, Johannesburg","07/31/2016 - 08/28/2016, Every day, Daily Average",414,241,710
"399","0 Fountain Road, Fordsburg, Johannesburg","397","0 Du Toit Street, Mayfair, Johannesburg","07/31/2016 - 08/28/2016, Every day, Daily Average",260,132,510
"399","0 Fountain Road, Fordsburg, Johannesburg","400","Albertina Sisulu Road, Johannesburg, Johannesburg","07/31/2016 - 08/28/2016, Every day, Daily Average",179,52,609
"399","0 Fountain Road, Fordsburg, Johannesburg","401","0 Maritzburg Street, City and Suburban Indust, Johannesburg","07/31/2016 - 08/28/2016, Every day, Daily Average",365,205,647
"399","0 Fountain Road, Fordsburg, Johannesburg","402","0 Long Street, Jeppestown, Johannesburg","07/31/2016 - 08/28/2016, Every day, Daily Average",684,403,1159
"399","0 Fountain Road, Fordsburg, Johannesburg","403","0 Hopper Street, Denver, Johannesburg","07/31/2016 - 08/28/2016, Every day, Daily Average",421,291,607
"399","0 Fountain Road, Fordsburg, Johannesburg","404","0 33rd Street, Malvern, Johannesburg","07/31/2016 - 08/28/2016, Every day, Daily Average",745,472,1175
"399","0 Fountain Road, Fordsburg, Johannesburg","405","0 Langermann Drive, South Kensington, Johannesburg","07/31/2016 - 08/28/2016, Every day, Daily Average",1063,638,1770
"399","0 Fountain Road, Fordsburg, Johannesburg","407","0 Frere Road, Bertrams, Johannesburg","07/31/2016 - 08/28/2016, Every day, Daily Average",766,411,1424
"399","0 Fountain Road, Fordsburg, Johannesburg","408","0 Orange Road, Orchards, Johannesburg","07/31/2016 - 08/28/2016, Every day, Daily Average",866,492,1521
"399","0 Fountain Road, Fordsburg, Johannesburg","409","100 Loveday Street, Johannesburg, Johannesburg","07/31/2016 - 08/28/2016, Every day, Daily Average",248,104,590
"399","0 Fountain Road, Fordsburg, Johannesburg","410","0 Studente Avenue, Rossmore, Johannesburg","07/31/2016 - 08/28/2016, Every day, Daily Average",557,347,893
"399","0 Fountain Road, Fordsburg, Johannesburg","411","0 Lothbury Road, Auckland Park, Johannesburg","07/31/2016 - 08/28/2016, Every day, Daily Average",499,289,860
"399","0 Fountain Road, Fordsburg, Johannesburg","412","0 The Valley Road, Westcliff, Randburg","07/31/2016 - 08/28/2016, Every day, Daily Average",358,184,696
"399","0 Fountain Road, Fordsburg, Johannesburg","413","0 Princess of Wales Terrace, Parktown, Johannesburg","07/31/2016 - 08/28/2016, Every day, Daily Average",444,204,965
"399","0 Fountain Road, Fordsburg, Johannesburg","414","0 Page Street, Yeoville, Johannesburg","07/31/2016 - 08/28/2016, Every day, Daily Average",916,507,1654
"399","0 Fountain Road, Fordsburg, Johannesburg","415","0 Dias Street, De Wetshof, Johannesburg","07/31/2016 - 08/28/2016, Every day, Daily Average",1376,868,2180
"399","0 Fountain Road, Fordsburg, Johannesburg","416","0 Stoneway, Linksfield North, Johannesburg","07/31/2016 - 08/28/2016, Every day, Daily Average",1607,1019,2533
"399","0 Fountain Road, Fordsburg, Johannesburg","419","0 2nd Avenue, Houghton Estate, Johannesburg","07/31/2016 - 08/28/2016, Every day, Daily Average",538,291,994
"399","0 Fountain Road, Fordsburg, Johannesburg","420","0 Lower Park Drive, Parkview, Randburg","07/31/2016 - 08/28/2016, Every day, Daily Average",588,361,956
"399","0 Fountain Road, Fordsburg, Johannesburg","421","0 The Braids, Emmarentia, Randburg","07/31/2016 - 08/28/2016, Every day, Daily Average",623,386,1003
"399","0 Fountain Road, Fordsburg, Johannesburg","422","0 Langenhoven Street, Montgomery Park, Randburg","07/31/2016 - 08/28/2016, Every day, Daily Average",868,564,1335
"399","0 Fountain Road, Fordsburg, Johannesburg","423","0 7th Street, Linden, Randburg","07/31/2016 - 08/28/2016, Every day, Daily Average",896,616,1301
"399","0 Fountain Road, Fordsburg, Johannesburg","424","100 Hill Street, Ferndale, Randburg","07/31/2016 - 08/28/2016, Every day, Daily Average",1255,898,1752
"399","0 Fountain Road, Fordsburg, Johannesburg","425","0 Gordon Avenue, Blairgowrie, Randburg","07/31/2016 - 08/28/2016, Every day, Daily Average",1331,925,1913
"399","0 Fountain Road, Fordsburg, Johannesburg","426","0 Daniel Street, Solridge, Sandton","07/31/2016 - 08/28/2016, Every day, Daily Average",1646,1179,2296
"399","0 Fountain Road, Fordsburg, Johannesburg","430","0 Colinton Road, Morningside Manor, Sandton","07/31/2016 - 08/28/2016, Every day, Daily Average",1119,692,1809
"399","0 Fountain Road, Fordsburg, Johannesburg","431","0 Lilium Avenue, Marlboro Gardens, Sandton","07/31/2016 - 08/28/2016, Every day, Daily Average",949,606,1485
"399","0 Fountain Road, Fordsburg, Johannesburg","432","0 Gousblom Crescent, Marlboro Gardens, Sandton","07/31/2016 - 08/28/2016, Every day, Daily Average",2562,1356,4839
"399","0 Fountain Road, Fordsburg, Johannesburg","433","0 Queen Alexandra Road, Lombardy East, Johannesburg","07/31/2016 - 08/28/2016, Every day, Daily Average",2013,1039,3897
"399","0 Fountain Road, Fordsburg, Johannesburg","434","Unnamed Road, Rietfontein 61-Ir, Johannesburg","07/31/2016 - 08/28/2016, Every day, Daily Average",1514,858,2670
"399","0 Fountain Road, Fordsburg, Johannesburg","435","0 Study Road, Glenhazel, Johannesburg","07/31/2016 - 08/28/2016, Every day, Daily Average",1408,955,2075
"399","0 Fountain Road, Fordsburg, Johannesburg","436","100 4th Street, Kew, Johannesburg","07/31/2016 - 08/28/2016, Every day, Daily Average",1210,783,1869
"399","0 Fountain Road, Fordsburg, Johannesburg","437","300 Bank Avenue, Alexandra, Alexandra","07/31/2016 - 08/28/2016, Every day, Daily Average",1417,911,2202
"399","0 Fountain Road, Fordsburg, Johannesburg","438","0 4th Street, Wynberg, Sandton","07/31/2016 - 08/28/2016, Every day, Daily Average",936,566,1546
"399","0 Fountain Road, Fordsburg, Johannesburg","443","0 Kelvin Road, Raumaraispark, Johannesburg","07/31/2016 - 08/28/2016, Every day, Daily Average",740,470,1164
"399","0 Fountain Road, Fordsburg, Johannesburg","444","0 5th Street, Parkmore, Sandton","07/31/2016 - 08/28/2016, Every day, Daily Average",1552,1051,2289
"399","0 Fountain Road, Fordsburg, Johannesburg","445","100 West Street, Sandown, Sandton","07/31/2016 - 08/28/2016, Every day, Daily Average",1226,853,1760
"399","0 Fountain Road, Fordsburg, Johannesburg","446","0 Rulin Road, Hyde Park, Sandton","07/31/2016 - 08/28/2016, Every day, Daily Average",1084,725,1619
"399","0 Fountain Road, Fordsburg, Johannesburg","447","0 Rutland Avenue, Craighall Park, Randburg","07/31/2016 - 08/28/2016, Every day, Daily Average",1042,737,1472
"399","0 Fountain Road, Fordsburg, Johannesburg","448","0 9th Avenue, Randburg","07/31/2016 - 08/28/2016, Every day, Daily Average",839,561,1254
"399","0 Fountain Road, Fordsburg, Johannesburg","449","0 North Street, Birdhaven, Johannesburg","07/31/2016 - 08/28/2016, Every day, Daily Average",625,370,1054
"399","0 Fountain Road, Fordsburg, Johannesburg","450","100 Linden Street, Sandown, Sandton","07/31/2016 - 08/28/2016, Every day, Daily Average",949,610,1476
"399","0 Fountain Road, Fordsburg, Johannesburg","452","0 Albert Street, Weltevredenpark, Roodepoort","07/31/2016 - 08/28/2016, Every day, Daily Average",1340,995,1803
"399","0 Fountain Road, Fordsburg, Johannesburg","453","0 Peperboom Avenue, Weltevredenpark, Roodepoort","07/31/2016 - 08/28/2016, Every day, Daily Average",1553,1144,2106
"399","0 Fountain Road, Fordsburg, Johannesburg","454","Diepkloof Street, Panorama 200 Iq, Roodepoort","07/31/2016 - 08/28/2016, Every day, Daily Average",1651,1258,2166
"399","0 Fountain Road, Fordsburg, Johannesburg","455","0 Glover Road, Wilgespruit 190-Iq, Roodepoort","07/31/2016 - 08/28/2016, Every day, Daily Average",1811,1419,2310
"399","0 Fountain Road, Fordsburg, Johannesburg","457","0 Hendrik Road, Poortview AH, Roodepoort","07/31/2016 - 08/28/2016, Every day, Daily Average",1851,1443,2374
"399","0 Fountain Road, Fordsburg, Johannesburg","459","Wilhelmina Avenue, Allen's Nek, Roodepoort","07/31/2016 - 08/28/2016, Every day, Daily Average",1487,1097,2014
"399","0 Fountain Road, Fordsburg, Johannesburg","460","0 Ellis Street, Constantia Kloof, Roodepoort","07/31/2016 - 08/28/2016, Every day, Daily Average",1180,845,1645
"399","0 Fountain Road, Fordsburg, Johannesburg","461","0 Goldman Street, Florida, Roodepoort","07/31/2016 - 08/28/2016, Every day, Daily Average",1134,806,1594
"399","0 Fountain Road, Fordsburg, Johannesburg","462","Arthur Matthews Avenue, Maraisburg, Randburg","07/31/2016 - 08/28/2016, Every day, Daily Average",946,696,1284
"399","0 Fountain Road, Fordsburg, Johannesburg","463","0 Flamingo Street, Florida Lake, Roodepoort","07/31/2016 - 08/28/2016, Every day, Daily Average",1260,957,1658
"399","0 Fountain Road, Fordsburg, Johannesburg","464","0 Lelie Street, Florida Park, Roodepoort","07/31/2016 - 08/28/2016, Every day, Daily Average",1411,983,2024
"399","0 Fountain Road, Fordsburg, Johannesburg","465","0 Cutten Street, Horison, Roodepoort","07/31/2016 - 08/28/2016, Every day, Daily Average",1635,1204,2218
"399","0 Fountain Road, Fordsburg, Johannesburg","466","0 Matrys Avenue, Kloofendal, Roodepoort","07/31/2016 - 08/28/2016, Every day, Daily Average",1697,1133,2541
"399","0 Fountain Road, Fordsburg, Johannesburg","467","0 Crous Drive, Helderkruin, Roodepoort","07/31/2016 - 08/28/2016, Every day, Daily Average",2025,1423,2879
"399","0 Fountain Road, Fordsburg, Johannesburg","468","0 Naboom Street, Wilro Park, Roodepoort","07/31/2016 - 08/28/2016, Every day, Daily Average",2234,1525,3272
"399","0 Fountain Road, Fordsburg, Johannesburg","469","700 Vermooten Road, Grobler Park, Roodepoort","07/31/2016 - 08/28/2016, Every day, Daily Average",2178,1573,3013
"399","0 Fountain Road, Fordsburg, Johannesburg","470","0 Wight Street, Roodepoort","07/31/2016 - 08/28/2016, Every day, Daily Average",1517,1146,2007
"399","0 Fountain Road, Fordsburg, Johannesburg","472","0 Tennyson Drive, Tulisa Park, Johannesburg South","07/31/2016 - 08/28/2016, Every day, Daily Average",691,520,916
"399","0 Fountain Road, Fordsburg, Johannesburg","473","Iridium Street, Davidsonville, Roodepoort","07/31/2016 - 08/28/2016, Every day, Daily Average",1525,1279,1818
"399","0 Fountain Road, Fordsburg, Johannesburg","474","0 Maroela Street, Bosmont, Randburg","07/31/2016 - 08/28/2016, Every day, Daily Average",821,569,1182
"399","0 Fountain Road, Fordsburg, Johannesburg","475","0 Nobel Street, Industria West, Johannesburg","07/31/2016 - 08/28/2016, Every day, Daily Average",706,383,1299
"399","0 Fountain Road, Fordsburg, Johannesburg","476","0 Clivia Avenue, Riverlea, Johannesburg","07/31/2016 - 08/28/2016, Every day, Daily Average",659,423,1025
"399","0 Fountain Road, Fordsburg, Johannesburg","477","100 Main Reef Road, Amalgam, Johannesburg","07/31/2016 - 08/28/2016, Every day, Daily Average",234,111,490
"399","0 Fountain Road, Fordsburg, Johannesburg","479","Mpumelelo Road, Doornfontein 92-Ir, Johannesburg South","07/31/2016 - 08/28/2016, Every day, Daily Average",300,192,468
"399","0 Fountain Road, Fordsburg, Johannesburg","480","0 Pendula Road, Heriotdale, Johannesburg South","07/31/2016 - 08/28/2016, Every day, Daily Average",530,307,912
"399","0 Fountain Road, Fordsburg, Johannesburg","481","100 Houer Street, Elandsfontein 107-Ir, Johannesburg South","07/31/2016 - 08/28/2016, Every day, Daily Average",727,449,1174
"399","0 Fountain Road, Fordsburg, Johannesburg","482","5500 South Rand Road, Johannesburg South","07/31/2016 - 08/28/2016, Every day, Daily Average",745,487,1137
"399","0 Fountain Road, Fordsburg, Johannesburg","483","0 Vickers Road, City Deep, Johannesburg South","07/31/2016 - 08/28/2016, Every day, Daily Average",517,327,815
"399","0 Fountain Road, Fordsburg, Johannesburg","484","0 Nephin Road, South Hills, Johannesburg South","07/31/2016 - 08/28/2016, Every day, Daily Average",532,320,882
"399","0 Fountain Road, Fordsburg, Johannesburg","485","100 Victoria Street, Rosettenville, Johannesburg South","07/31/2016 - 08/28/2016, Every day, Daily Average",748,436,1281
"399","0 Fountain Road, Fordsburg, Johannesburg","486","Kliprivier Drive, Johannesburg South","07/31/2016 - 08/28/2016, Every day, Daily Average",1127,821,1545
"399","0 Fountain Road, Fordsburg, Johannesburg","487","100 Impala Road, Rietvlei 101-Ir, Johannesburg South","07/31/2016 - 08/28/2016, Every day, Daily Average",847,600,1193
"399","0 Fountain Road, Fordsburg, Johannesburg","488","0 Modulus Road, Boysens, Johannesburg","07/31/2016 - 08/28/2016, Every day, Daily Average",343,185,635
"399","0 Fountain Road, Fordsburg, Johannesburg","489","14900 Gere Street, Diepkloof Zone 3, Diepkloof","07/31/2016 - 08/28/2016, Every day, Daily Average",801,512,1250
"399","0 Fountain Road, Fordsburg, Johannesburg","490","D1854 Road, Johannesburg South","07/31/2016 - 08/28/2016, Every day, Daily Average",889,662,1192
"399","0 Fountain Road, Fordsburg, Johannesburg","491","3400 Blue Bush Road, Naturena, Johannesburg South","07/31/2016 - 08/28/2016, Every day, Daily Average",763,536,1085
"399","0 Fountain Road, Fordsburg, Johannesburg","493","0 Cecil Street, Meredale, Johannesburg South","07/31/2016 - 08/28/2016, Every day, Daily Average",553,373,819
"399","0 Fountain Road, Fordsburg, Johannesburg","494","100 Bellefield Avenue, Mondeor, Johannesburg South","07/31/2016 - 08/28/2016, Every day, Daily Average",592,380,921
"399","0 Fountain Road, Fordsburg, Johannesburg","495","0 Turf Street, Forest Hill, Johannesburg South","07/31/2016 - 08/28/2016, Every day, Daily Average",641,400,1025
"399","0 Fountain Road, Fordsburg, Johannesburg","496","0 Noorde Hoek, Robertsham, Johannesburg South","07/31/2016 - 08/28/2016, Every day, Daily Average",367,230,585
"399","0 Fountain Road, Fordsburg, Johannesburg","497","100 Aeroton Road, Aeroton, Johannesburg South","07/31/2016 - 08/28/2016, Every day, Daily Average",575,349,946
"399","0 Fountain Road, Fordsburg, Johannesburg","498","Soweto Highway, Mooifontein 225-Iq, Johannesburg South","07/31/2016 - 08/28/2016, Every day, Daily Average",649,425,988
"399","0 Fountain Road, Fordsburg, Johannesburg","499","1200 Reduktor Avenue, Stormill, Randburg","07/31/2016 - 08/28/2016, Every day, Daily Average",748,553,1010
"399","0 Fountain Road, Fordsburg, Johannesburg","500","300 Houtkapper Street, Vogelstruisfontein, Randburg","07/31/2016 - 08/28/2016, Every day, Daily Average",1080,790,1474
"399","0 Fountain Road, Fordsburg, Johannesburg","501","Unnamed Road, Bram Fischerville, Soweto","07/31/2016 - 08/28/2016, Every day, Daily Average",1609,1214,2132
"399","0 Fountain Road, Fordsburg, Johannesburg","502","Adcock Street, Tshepisong, Soweto","07/31/2016 - 08/28/2016, Every day, Daily Average",1676,1399,2006
"399","0 Fountain Road, Fordsburg, Johannesburg","505","0 Mthabela Street, Jabulani, Soweto","07/31/2016 - 08/28/2016, Every day, Daily Average",1830,1355,2470
"399","0 Fountain Road, Fordsburg, Johannesburg","506","7900 Heckroodt Circle, Meadowlands East Zone 3, Meadowlands East","07/31/2016 - 08/28/2016, Every day, Daily Average",1162,866,1558
"399","0 Fountain Road, Fordsburg, Johannesburg","507","11400 Agnes Street, Diepkloof Zone 2, Diepkloof","07/31/2016 - 08/28/2016, Every day, Daily Average",814,504,1313
"399","0 Fountain Road, Fordsburg, Johannesburg","509","1500 Mtipa Street, Dube, Soweto","07/31/2016 - 08/28/2016, Every day, Daily Average",1122,748,1681
"399","0 Fountain Road, Fordsburg, Johannesburg","510","600 Mlangeni Street, Jabavu, Soweto","07/31/2016 - 08/28/2016, Every day, Daily Average",1637,1195,2241
"399","0 Fountain Road, Fordsburg, Johannesburg","511","5300 Ihlokohloko Street, Protea Glen, Soweto","07/31/2016 - 08/28/2016, Every day, Daily Average",1638,1022,2624
"399","0 Fountain Road, Fordsburg, Johannesburg","512","1400 Bereng Street, Mapetla, Soweto","07/31/2016 - 08/28/2016, Every day, Daily Average",1704,1259,2305
"399","0 Fountain Road, Fordsburg, Johannesburg","513","1500 Ntokozweni Street, Dlamini, Soweto","07/31/2016 - 08/28/2016, Every day, Daily Average",1432,1053,1946
"399","0 Fountain Road, Fordsburg, Johannesburg","514","200 Klolo Street, Pimville Zone 7, Pimville","07/31/2016 - 08/28/2016, Every day, Daily Average",1234,881,1727
"399","0 Fountain Road, Fordsburg, Johannesburg","517","100 Turf Avenue, Eldorado Park, Soweto","07/31/2016 - 08/28/2016, Every day, Daily Average",1078,773,1503
"399","0 Fountain Road, Fordsburg, Johannesburg","518","0 San Salvador Street, Klipspruit West, Soweto","07/31/2016 - 08/28/2016, Every day, Daily Average",1223,903,1655
"399","0 Fountain Road, Fordsburg, Johannesburg","519","0 Cheetah Avenue, Lenasia","07/31/2016 - 08/28/2016, Every day, Daily Average",1375,1011,1868
"399","0 Fountain Road, Fordsburg, Johannesburg","520","0 Perseus Street, Lenasia","07/31/2016 - 08/28/2016, Every day, Daily Average",1164,848,1595
"399","0 Fountain Road, Fordsburg, Johannesburg","521","Golden Highway, City of Johannesburg Metropolitan Municipality, Gauteng, South Africa","07/31/2016 - 08/28/2016, Every day, Daily Average",1013,694,1476
"399","0 Fountain Road, Fordsburg, Johannesburg","522","Golden Highway, City of Johannesburg Metropolitan Municipality, Gauteng, South Africa","07/31/2016 - 08/28/2016, Every day, Daily Average",1320,953,1826
"399","0 Fountain Road, Fordsburg, Johannesburg","523","M10, Roodepoort 302-Iq","07/31/2016 - 08/28/2016, Every day, Daily Average",1825,1337,2490
"399","0 Fountain Road, Fordsburg, Johannesburg","529","0 Mount Cook Street, Lenasia South, Lenasia South","07/31/2016 - 08/28/2016, Every day, Daily Average",1678,1052,2676
"399","0 Fountain Road, Fordsburg, Johannesburg","530","R557, City of Johannesburg Metropolitan Municipality, Gauteng, South Africa","07/31/2016 - 08/28/2016, Every day, Daily Average",1410,1095,1813
"399","0 Fountain Road, Fordsburg, Johannesburg","535","0 Balder Road, Douglasdale, Sandton","07/31/2016 - 08/28/2016, Every day, Daily Average",1778,1262,2504
"399","0 Fountain Road, Fordsburg, Johannesburg","542","0 Kei Road, Farrarmere, Benoni","07/31/2016 - 08/28/2016, Every day, Daily Average",2122,1277,3523
"399","0 Fountain Road, Fordsburg, Johannesburg","552","0 Highveld Road, Kempton Park, Kempton Park","07/31/2016 - 08/28/2016, Every day, Daily Average",1828,1178,2836
"399","0 Fountain Road, Fordsburg, Johannesburg","553","Lovato Road, Spartan, Kempton Park","07/31/2016 - 08/28/2016, Every day, Daily Average",1162,848,1591
"399","0 Fountain Road, Fordsburg, Johannesburg","554","0 Andre Greyvensteyn Avenue, Isando, Kempton Park","07/31/2016 - 08/28/2016, Every day, Daily Average",1234,901,1689
"399","0 Fountain Road, Fordsburg, Johannesburg","555","0 Fortress Street, Rhodesfield, Kempton Park","07/31/2016 - 08/28/2016, Every day, Daily Average",1311,957,1794
"399","0 Fountain Road, Fordsburg, Johannesburg","556","0 Jones Road, O.R. Tambo, Kempton Park","07/31/2016 - 08/28/2016, Every day, Daily Average",2043,1256,3321
"399","0 Fountain Road, Fordsburg, Johannesburg","557","0 O R Tambo Airport, O R Tambo Airport Road, Kempton Park, Johannesburg","07/31/2016 - 08/28/2016, Every day, Daily Average",1404,1041,1892
"399","0 Fountain Road, Fordsburg, Johannesburg","560","0 Greeff Street, Eden Glen, Edenvale","07/31/2016 - 08/28/2016, Every day, Daily Average",1299,900,1873
"399","0 Fountain Road, Fordsburg, Johannesburg","561","0 Essex Street, Rietfontein 63-Ir, Germiston","07/31/2016 - 08/28/2016, Every day, Daily Average",1121,784,1602
"399","0 Fountain Road, Fordsburg, Johannesburg","562","0 Jordaan Street, Eastleigh, Edenvale","07/31/2016 - 08/28/2016, Every day, Daily Average",1078,757,1533
"399","0 Fountain Road, Fordsburg, Johannesburg","563","0 10th Avenue, Edenvale, Edenvale","07/31/2016 - 08/28/2016, Every day, Daily Average",1486,940,2348
"399","0 Fountain Road, Fordsburg, Johannesburg","565","0 Milner Avenue, Saint Andrews, Germiston","07/31/2016 - 08/28/2016, Every day, Daily Average",919,603,1398
"399","0 Fountain Road, Fordsburg, Johannesburg","567","0 Peronne Road, Delville, Germiston","07/31/2016 - 08/28/2016, Every day, Daily Average",1045,685,1592
"399","0 Fountain Road, Fordsburg, Johannesburg","569","0 Heron Street, Dowerglen, Edenvale","07/31/2016 - 08/28/2016, Every day, Daily Average",1001,662,1512
"399","0 Fountain Road, Fordsburg, Johannesburg","570","0 Koedoe Street, Sunnyridge, Germiston","07/31/2016 - 08/28/2016, Every day, Daily Average",1497,900,2488
"399","0 Fountain Road, Fordsburg, Johannesburg","571","0 Bowling Road, Bedfordview, Germiston","07/31/2016 - 08/28/2016, Every day, Daily Average",731,491,1086
"399","0 Fountain Road, Fordsburg, Johannesburg","572","0 Cherry Lane, Bedfordview, Germiston","07/31/2016 - 08/28/2016, Every day, Daily Average",769,529,1117
"399","0 Fountain Road, Fordsburg, Johannesburg","573","Francois Oberholzer Freeway, Elandsfontein 90-Ir, Germiston","07/31/2016 - 08/28/2016, Every day, Daily Average",542,374,784
"399","0 Fountain Road, Fordsburg, Johannesburg","574","0 Simgold Street, Simmerfield, Germiston","07/31/2016 - 08/28/2016, Every day, Daily Average",593,418,841
"399","0 Fountain Road, Fordsburg, Johannesburg","578","0 Rand Airport Road, Airport Park, Germiston","07/31/2016 - 08/28/2016, Every day, Daily Average",990,592,1654
"399","0 Fountain Road, Fordsburg, Johannesburg","579","0 5th Avenue, Lambton, Germiston","07/31/2016 - 08/28/2016, Every day, Daily Average",1156,773,1727
"399","0 Fountain Road, Fordsburg, Johannesburg","580","0 Els Street, Elsburg, Germiston","07/31/2016 - 08/28/2016, Every day, Daily Average",1386,879,2182
"399","0 Fountain Road, Fordsburg, Johannesburg","583","0 Davidson Road, Wadeville, Germiston","07/31/2016 - 08/28/2016, Every day, Daily Average",1116,776,1603
"399","0 Fountain Road, Fordsburg, Johannesburg","584","0 Black Reef Road, Union, Germiston","07/31/2016 - 08/28/2016, Every day, Daily Average",1028,705,1497
"399","0 Fountain Road, Fordsburg, Johannesburg","585","0 Voortrekker Road, South Crest, Alberton","07/31/2016 - 08/28/2016, Every day, Daily Average",933,628,1385
"399","0 Fountain Road, Fordsburg, Johannesburg","586","0 Elands Road, Florentia, Alberton","07/31/2016 - 08/28/2016, Every day, Daily Average",1062,646,1743
"399","0 Fountain Road, Fordsburg, Johannesburg","587","0 Michelle Avenue, Randhart, Alberton","07/31/2016 - 08/28/2016, Every day, Daily Average",1150,791,1671
"399","0 Fountain Road, Fordsburg, Johannesburg","588","0 Woodpecker Close, Meyersdal Nature Estate, Alberton","07/31/2016 - 08/28/2016, Every day, Daily Average",1214,816,1804
"399","0 Fountain Road, Fordsburg, Johannesburg","589","0 Begonia Street, Brackenhurst, Alberton","07/31/2016 - 08/28/2016, Every day, Daily Average",1367,758,2462
"399","0 Fountain Road, Fordsburg, Johannesburg","590","0 Ruby Street, Mayberry Park, Alberton","07/31/2016 - 08/28/2016, Every day, Daily Average",1361,969,1910
"399","0 Fountain Road, Fordsburg, Johannesburg","591","0 Statler Street, Alrode South, Alberton","07/31/2016 - 08/28/2016, Every day, Daily Average",1626,1187,2226
"399","0 Fountain Road, Fordsburg, Johannesburg","592","100 Binda Street, Credi, Katlehong","07/31/2016 - 08/28/2016, Every day, Daily Average",1213,797,1844
"399","0 Fountain Road, Fordsburg, Johannesburg","594","Barry Marais Road, Boksburg, Boksburg","07/31/2016 - 08/28/2016, Every day, Daily Average",1687,1131,2516
"399","0 Fountain Road, Fordsburg, Johannesburg","595","0 Van Der Post Avenue, Parkrand, Boksburg","07/31/2016 - 08/28/2016, Every day, Daily Average",1594,1108,2292
"399","0 Fountain Road, Fordsburg, Johannesburg","598","0 De Wet Street, Cinderella, Boksburg","07/31/2016 - 08/28/2016, Every day, Daily Average",1629,1060,2501
"399","0 Fountain Road, Fordsburg, Johannesburg","602","Crescent, Othandweni, Thokoza","07/31/2016 - 08/28/2016, Every day, Daily Average",1873,1362,2575
"399","0 Fountain Road, Fordsburg, Johannesburg","605","0 Sunnyside Avenue, Lakefield, Benoni","07/31/2016 - 08/28/2016, Every day, Daily Average",2568,1422,4634
"399","0 Fountain Road, Fordsburg, Johannesburg","610","Moagi Road, Vosloorus, Vosloorus","07/31/2016 - 08/28/2016, Every day, Daily Average",1583,1143,2191
"399","0 Fountain Road, Fordsburg, Johannesburg","611","0 Jack Rabie Avenue, Reiger Park, Boksburg","07/31/2016 - 08/28/2016, Every day, Daily Average",1571,989,2493
"399","0 Fountain Road, Fordsburg, Johannesburg","616","0 Madeley Road, Driefontein 85-Ir, Boksburg","07/31/2016 - 08/28/2016, Every day, Daily Average",2157,1118,4158
"399","0 Fountain Road, Fordsburg, Johannesburg","617","0 Malcolm Moodie Crescent, Jet Park, Boksburg","07/31/2016 - 08/28/2016, Every day, Daily Average",1614,1012,2573
"399","0 Fountain Road, Fordsburg, Johannesburg","619","0 Roman Road, Impala Park (Witkoppie Ridge), Boksburg","07/31/2016 - 08/28/2016, Every day, Daily Average",1817,1112,2966
"399","0 Fountain Road, Fordsburg, Johannesburg","620","600 Trichardts Road, Beyers Park, Boksburg","07/31/2016 - 08/28/2016, Every day, Daily Average",2145,1068,4307
"399","0 Fountain Road, Fordsburg, Johannesburg","652","100 Mary Moodley Street, Tamboville, Brakpan","07/31/2016 - 08/28/2016, Every day, Daily Average",1830,1241,2697
"399","0 Fountain Road, Fordsburg, Johannesburg","656","0 Lower Road, Rand Collieries SH, Brakpan","07/31/2016 - 08/28/2016, Every day, Daily Average",1898,1302,2764
"399","0 Fountain Road, Fordsburg, Johannesburg","725","R550, De Deur","07/31/2016 - 08/28/2016, Every day, Daily Average",1109,842,1459
"399","0 Fountain Road, Fordsburg, Johannesburg","814","R41, Rietvallei 241-Iq, Krugersdorp","07/31/2016 - 08/28/2016, Every day, Daily Average",1817,1503,2195
"399","0 Fountain Road, Fordsburg, Johannesburg","817","Chamdor Road, Witpoortje 245 IQ, Krugersdorp","07/31/2016 - 08/28/2016, Every day, Daily Average",1999,1591,2511
"399","0 Fountain Road, Fordsburg, Johannesburg","866","0 3rd Street, West Rand AH, Westonaria","07/31/2016 - 08/28/2016, Every day, Daily Average",1591,1166,2169
"399","0 Fountain Road, Fordsburg, Johannesburg","933","0 Booysens Station, Stafford, Johannesburg","07/31/2016 - 08/28/2016, Every day, Daily Average",168,54,514
"399","0 Fountain Road, Fordsburg, Johannesburg","934","0 Short Street, Booysens, Johannesburg","07/31/2016 - 08/28/2016, Every day, Daily Average",251,143,438