{"name":"rmiller107_travel-time-uber-movement","title":"Travel Time - Uber Movement","description":"Uber Movement provides anonymized data from over two billion trips to help urban planning around the world.\n\n# About this Dataset\nData retrieved from Uber Movement, (c) 2017 Uber Technologies, Inc., https://movement.uber.com\n\n# Objectives\nOver the past six and a half years, Uber has learned a lot about the future of urban mobility and what it means for cities and the people who live in them. Uber has gotten consistent feedback from cities they partner with that access to their aggregated data will inform decisions about how to adapt existing infrastructure and invest in future solutions to make our cities more efficient. Uber hopes Uber Movement can play a role in helping cities grow in a way that works for everyone.\n\n# Background\nhttps://d3i4yxtzktqr9n.cloudfront.net/web-movement/static/pdfs/Movement-TravelTimesMethodology-76002ded22.pdf","homepage":"https://data.world/rmiller107/travel-time-uber-movement","license":"CC BY-NC","resources":[{"name":"travel_times_bogota","schema":{"fields":[{"name":"origin_movement_id","title":"Origin Movement ID","type":"integer","rdfType":"http://www.w3.org/2001/XMLSchema#integer","dwSourceId":"origin_movement_id"},{"name":"origin_display_name","title":"Origin Display Name","type":"string","rdfType":"http://www.w3.org/2001/XMLSchema#string","dwSourceId":"origin_display_name"},{"name":"origin_geometry","title":"Origin Geometry","type":"string","rdfType":"http://www.w3.org/2001/XMLSchema#string","dwSourceId":"origin_geometry"},{"name":"destination_movement_id","title":"Destination Movement ID","type":"integer","rdfType":"http://www.w3.org/2001/XMLSchema#integer","dwSourceId":"destination_movement_id"},{"name":"destination_display_name","title":"Destination Display Name","type":"string","rdfType":"http://www.w3.org/2001/XMLSchema#string","dwSourceId":"destination_display_name"},{"name":"destination_geometry","title":"Destination Geometry","type":"string","rdfType":"http://www.w3.org/2001/XMLSchema#string","dwSourceId":"destination_geometry"},{"name":"date_range","title":"Date Range","type":"string","rdfType":"http://www.w3.org/2001/XMLSchema#string","dwSourceId":"date_range"},{"name":"mean_travel_time_seconds","title":"Mean Travel Time (Seconds)","type":"integer","rdfType":"http://www.w3.org/2001/XMLSchema#integer","dwSourceId":"mean_travel_time_seconds"},{"name":"range_lower_bound_travel_time_seconds","title":"Range - Lower Bound Travel Time (Seconds)","type":"integer","rdfType":"http://www.w3.org/2001/XMLSchema#integer","dwSourceId":"range_lower_bound_travel_time_seconds"},{"name":"range_upper_bound_travel_time_seconds","title":"Range - Upper Bound Travel Time (Seconds)","type":"integer","rdfType":"http://www.w3.org/2001/XMLSchema#integer","dwSourceId":"range_upper_bound_travel_time_seconds"}]},"path":"data/travel_times_bogota.csv","format":"csv"},{"name":"travel_times_boston","schema":{"fields":[{"name":"origin_movement_id","title":"Origin Movement ID","type":"integer","rdfType":"http://www.w3.org/2001/XMLSchema#integer","dwSourceId":"origin_movement_id"},{"name":"origin_display_name","title":"Origin Display Name","type":"string","rdfType":"http://www.w3.org/2001/XMLSchema#string","dwSourceId":"origin_display_name"},{"name":"origin_geometry","title":"Origin Geometry","type":"string","rdfType":"http://www.w3.org/2001/XMLSchema#string","dwSourceId":"origin_geometry"},{"name":"destination_movement_id","title":"Destination Movement ID","type":"integer","rdfType":"http://www.w3.org/2001/XMLSchema#integer","dwSourceId":"destination_movement_id"},{"name":"destination_display_name","title":"Destination Display Name","type":"string","rdfType":"http://www.w3.org/2001/XMLSchema#string","dwSourceId":"destination_display_name"},{"name":"destination_geometry","title":"Destination Geometry","type":"string","rdfType":"http://www.w3.org/2001/XMLSchema#string","dwSourceId":"destination_geometry"},{"name":"date_range","title":"Date Range","type":"string","rdfType":"http://www.w3.org/2001/XMLSchema#string","dwSourceId":"date_range"},{"name":"mean_travel_time_seconds","title":"Mean Travel Time (Seconds)","type":"integer","rdfType":"http://www.w3.org/2001/XMLSchema#integer","dwSourceId":"mean_travel_time_seconds"},{"name":"range_lower_bound_travel_time_seconds","title":"Range - Lower Bound Travel Time (Seconds)","type":"integer","rdfType":"http://www.w3.org/2001/XMLSchema#integer","dwSourceId":"range_lower_bound_travel_time_seconds"},{"name":"range_upper_bound_travel_time_seconds","title":"Range - Upper Bound Travel Time (Seconds)","type":"integer","rdfType":"http://www.w3.org/2001/XMLSchema#integer","dwSourceId":"range_upper_bound_travel_time_seconds"}]},"path":"data/travel_times_boston.csv","format":"csv"},{"name":"travel_times_johannesburg_and_pretoria","schema":{"fields":[{"name":"origin_movement_id","title":"Origin Movement ID","type":"integer","rdfType":"http://www.w3.org/2001/XMLSchema#integer","dwSourceId":"origin_movement_id"},{"name":"origin_display_name","title":"Origin Display Name","type":"string","rdfType":"http://www.w3.org/2001/XMLSchema#string","dwSourceId":"origin_display_name"},{"name":"destination_movement_id","title":"Destination Movement ID","type":"integer","rdfType":"http://www.w3.org/2001/XMLSchema#integer","dwSourceId":"destination_movement_id"},{"name":"destination_display_name","title":"Destination Display Name","type":"string","rdfType":"http://www.w3.org/2001/XMLSchema#string","dwSourceId":"destination_display_name"},{"name":"date_range","title":"Date Range","type":"string","rdfType":"http://www.w3.org/2001/XMLSchema#string","dwSourceId":"date_range"},{"name":"mean_travel_time_seconds","title":"Mean Travel Time (Seconds)","type":"integer","rdfType":"http://www.w3.org/2001/XMLSchema#integer","dwSourceId":"mean_travel_time_seconds"},{"name":"range_lower_bound_travel_time_seconds","title":"Range - Lower Bound Travel Time (Seconds)","type":"integer","rdfType":"http://www.w3.org/2001/XMLSchema#integer","dwSourceId":"range_lower_bound_travel_time_seconds"},{"name":"range_upper_bound_travel_time_seconds","title":"Range - Upper Bound Travel Time (Seconds)","type":"integer","rdfType":"http://www.w3.org/2001/XMLSchema#integer","dwSourceId":"range_upper_bound_travel_time_seconds"}]},"path":"data/travel_times_johannesburg_and_pretoria.csv","format":"csv"},{"name":"travel_times_manila","schema":{"fields":[{"name":"origin_movement_id","title":"Origin Movement ID","type":"integer","rdfType":"http://www.w3.org/2001/XMLSchema#integer","dwSourceId":"origin_movement_id"},{"name":"origin_display_name","title":"Origin Display Name","type":"string","rdfType":"http://www.w3.org/2001/XMLSchema#string","dwSourceId":"origin_display_name"},{"name":"origin_geometry","title":"Origin Geometry","type":"string","rdfType":"http://www.w3.org/2001/XMLSchema#string","dwSourceId":"origin_geometry"},{"name":"destination_movement_id","title":"Destination Movement ID","type":"integer","rdfType":"http://www.w3.org/2001/XMLSchema#integer","dwSourceId":"destination_movement_id"},{"name":"destination_display_name","title":"Destination Display Name","type":"string","rdfType":"http://www.w3.org/2001/XMLSchema#string","dwSourceId":"destination_display_name"},{"name":"destination_geometry","title":"Destination Geometry","type":"string","rdfType":"http://www.w3.org/2001/XMLSchema#string","dwSourceId":"destination_geometry"},{"name":"date_range","title":"Date Range","type":"string","rdfType":"http://www.w3.org/2001/XMLSchema#string","dwSourceId":"date_range"},{"name":"mean_travel_time_seconds","title":"Mean Travel Time (Seconds)","type":"integer","rdfType":"http://www.w3.org/2001/XMLSchema#integer","dwSourceId":"mean_travel_time_seconds"},{"name":"range_lower_bound_travel_time_seconds","title":"Range - Lower Bound Travel Time (Seconds)","type":"integer","rdfType":"http://www.w3.org/2001/XMLSchema#integer","dwSourceId":"range_lower_bound_travel_time_seconds"},{"name":"range_upper_bound_travel_time_seconds","title":"Range - Upper Bound Travel Time (Seconds)","type":"integer","rdfType":"http://www.w3.org/2001/XMLSchema#integer","dwSourceId":"range_upper_bound_travel_time_seconds"}]},"path":"data/travel_times_manila.csv","format":"csv"},{"name":"travel_times_paris","schema":{"fields":[{"name":"origin_movement_id","title":"Origin Movement ID","type":"integer","rdfType":"http://www.w3.org/2001/XMLSchema#integer","dwSourceId":"origin_movement_id"},{"name":"origin_display_name","title":"Origin Display Name","type":"string","rdfType":"http://www.w3.org/2001/XMLSchema#string","dwSourceId":"origin_display_name"},{"name":"destination_movement_id","title":"Destination Movement ID","type":"integer","rdfType":"http://www.w3.org/2001/XMLSchema#integer","dwSourceId":"destination_movement_id"},{"name":"destination_display_name","title":"Destination Display Name","type":"string","rdfType":"http://www.w3.org/2001/XMLSchema#string","dwSourceId":"destination_display_name"},{"name":"date_range","title":"Date Range","type":"string","rdfType":"http://www.w3.org/2001/XMLSchema#string","dwSourceId":"date_range"},{"name":"mean_travel_time_seconds","title":"Mean Travel Time (Seconds)","type":"integer","rdfType":"http://www.w3.org/2001/XMLSchema#integer","dwSourceId":"mean_travel_time_seconds"},{"name":"range_lower_bound_travel_time_seconds","title":"Range - Lower Bound Travel Time (Seconds)","type":"integer","rdfType":"http://www.w3.org/2001/XMLSchema#integer","dwSourceId":"range_lower_bound_travel_time_seconds"},{"name":"range_upper_bound_travel_time_seconds","title":"Range - Upper Bound Travel Time (Seconds)","type":"integer","rdfType":"http://www.w3.org/2001/XMLSchema#integer","dwSourceId":"range_upper_bound_travel_time_seconds"}]},"path":"data/travel_times_paris.csv","format":"csv"},{"name":"travel_times_sydney","schema":{"fields":[{"name":"origin_movement_id","title":"Origin Movement ID","type":"integer","rdfType":"http://www.w3.org/2001/XMLSchema#integer","dwSourceId":"origin_movement_id"},{"name":"origin_display_name","title":"Origin Display Name","type":"string","rdfType":"http://www.w3.org/2001/XMLSchema#string","dwSourceId":"origin_display_name"},{"name":"origin_geometry","title":"Origin Geometry","type":"string","rdfType":"http://www.w3.org/2001/XMLSchema#string","dwSourceId":"origin_geometry"},{"name":"destination_movement_id","title":"Destination Movement ID","type":"integer","rdfType":"http://www.w3.org/2001/XMLSchema#integer","dwSourceId":"destination_movement_id"},{"name":"destination_display_name","title":"Destination Display Name","type":"string","rdfType":"http://www.w3.org/2001/XMLSchema#string","dwSourceId":"destination_display_name"},{"name":"destination_geometry","title":"Destination Geometry","type":"string","rdfType":"http://www.w3.org/2001/XMLSchema#string","dwSourceId":"destination_geometry"},{"name":"date_range","title":"Date Range","type":"string","rdfType":"http://www.w3.org/2001/XMLSchema#string","dwSourceId":"date_range"},{"name":"mean_travel_time_seconds","title":"Mean Travel Time (Seconds)","type":"integer","rdfType":"http://www.w3.org/2001/XMLSchema#integer","dwSourceId":"mean_travel_time_seconds"},{"name":"range_lower_bound_travel_time_seconds","title":"Range - Lower Bound Travel Time (Seconds)","type":"integer","rdfType":"http://www.w3.org/2001/XMLSchema#integer","dwSourceId":"range_lower_bound_travel_time_seconds"},{"name":"range_upper_bound_travel_time_seconds","title":"Range - Upper Bound Travel Time (Seconds)","type":"integer","rdfType":"http://www.w3.org/2001/XMLSchema#integer","dwSourceId":"range_upper_bound_travel_time_seconds"}]},"path":"data/travel_times_sydney.csv","format":"csv"},{"name":"travel_times_washington_dc","schema":{"fields":[{"name":"origin_movement_id","title":"Origin Movement ID","type":"integer","rdfType":"http://www.w3.org/2001/XMLSchema#integer","dwSourceId":"origin_movement_id"},{"name":"origin_display_name","title":"Origin Display Name","type":"string","rdfType":"http://www.w3.org/2001/XMLSchema#string","dwSourceId":"origin_display_name"},{"name":"origin_geometry","title":"Origin Geometry","type":"string","rdfType":"http://www.w3.org/2001/XMLSchema#string","dwSourceId":"origin_geometry"},{"name":"destination_movement_id","title":"Destination Movement ID","type":"integer","rdfType":"http://www.w3.org/2001/XMLSchema#integer","dwSourceId":"destination_movement_id"},{"name":"destination_display_name","title":"Destination Display Name","type":"string","rdfType":"http://www.w3.org/2001/XMLSchema#string","dwSourceId":"destination_display_name"},{"name":"destination_geometry","title":"Destination Geometry","type":"string","rdfType":"http://www.w3.org/2001/XMLSchema#string","dwSourceId":"destination_geometry"},{"name":"date_range","title":"Date Range","type":"string","rdfType":"http://www.w3.org/2001/XMLSchema#string","dwSourceId":"date_range"},{"name":"mean_travel_time_seconds","title":"Mean Travel Time (Seconds)","type":"integer","rdfType":"http://www.w3.org/2001/XMLSchema#integer","dwSourceId":"mean_travel_time_seconds"},{"name":"range_lower_bound_travel_time_seconds","title":"Range - Lower Bound Travel Time (Seconds)","type":"integer","rdfType":"http://www.w3.org/2001/XMLSchema#integer","dwSourceId":"range_lower_bound_travel_time_seconds"},{"name":"range_upper_bound_travel_time_seconds","title":"Range - Upper Bound Travel Time (Seconds)","type":"integer","rdfType":"http://www.w3.org/2001/XMLSchema#integer","dwSourceId":"range_upper_bound_travel_time_seconds"}]},"path":"data/travel_times_washington_dc.csv","format":"csv"},{"name":"original/Travel_Times - Bogota.csv","path":"original/Travel_Times - Bogota.csv","format":"csv","mediatype":"text/csv","bytes":1552446},{"name":"original/Travel_Times - Boston.csv","path":"original/Travel_Times - Boston.csv","format":"csv","mediatype":"text/csv","bytes":1011015},{"name":"original/Travel_Times - Johannesburg and Pretoria.csv","path":"original/Travel_Times - Johannesburg and Pretoria.csv","format":"csv","mediatype":"text/csv","bytes":37312},{"name":"original/Travel_Times - Manila.csv","path":"original/Travel_Times - Manila.csv","format":"csv","mediatype":"text/csv","bytes":339749},{"name":"original/Travel_Times - Paris.csv","path":"original/Travel_Times - Paris.csv","format":"csv","mediatype":"text/csv","bytes":332652},{"name":"original/Travel_Times - Sydney.csv","path":"original/Travel_Times - Sydney.csv","format":"csv","mediatype":"text/csv","bytes":604203},{"name":"original/Travel_Times - Washington DC.csv","path":"original/Travel_Times - Washington DC.csv","format":"csv","mediatype":"text/csv","bytes":4349535},{"name":"original/Uber Movement - Travel Times Methodology.pdf","path":"original/Uber Movement - Travel Times Methodology.pdf","format":"pdf","mediatype":"application/pdf","bytes":90366}],"keywords":["driving time","transportation","travel","travel time","driving","traffic","uber","sydney","bogota","washington dc","manila","boston","johannesburg","pretoria","paris"]}