{"name":"adamhelsinger_united-airlines-data","title":"United Airlines Data","description":"Source: http://web.mit.edu/airlinedata/www/default.html\n\nThe U.S. commercial airline industry is one of the most diverse, dynamic and perplexing in the world. It is fast-evolving, labor intensive, capital intensive, hyper-competitive and highly susceptible to the ebb and flow of business cycles as well as being among the most regulated of deregulated businesses.\n\nThe Airline Data Project (ADP) was established by the [MIT Global Airline Industry Program](http://web.mit.edu/airlines/ \"MIT Global Airline Industry Program\") to better understand the opportunities, risks and challenges facing this vital industry. The ADP presents the most important airline industry data in one location in an easy-to-understand, user-friendly format. The data has been selected and analyzed to present a view of the industry and its important trends, as well as to identify fundamental drivers of success - and in some cases, the early signs of potential failure.\n\nThe ADP is designed to support the goals of the [MIT Airline Industry Consortium](ttp://web.mit.edu/airlines/airline_industry_consortium/airline_industry_consort_overview.html \"MIT Airline Industry Consortium\"). It is a unique repository of data and analysis that will allow individuals – from academia to the financial community to the news media – to monitor the evolution of the U.S. commercial airline industry.\n\nThe ADP is updated in June of each year pending the release of Form 41 data files by the U.S. Bureau of Transportation Statistics. Click http://web.mit.edu/airlinedata/www/2014%2012%20Month%20Documents/ADP_introduction.pdf to view a presentation that summarizes some of the data and analysis that can be found within the Airline Data Project.\n\nYou are invited to review the data on this site and share your feedback on the wealth of information that is available about this highly visible industry.","homepage":"https://data.world/adamhelsinger/united-airlines-data","license":"Other","resources":[{"name":"traffic_capacity_united_airlines","schema":{"fields":[{"name":"united_airlines_atlantic_operations","title":"United Airlines Atlantic Operations","type":"string","rdfType":"http://www.w3.org/2001/XMLSchema#string","dwSourceId":"united_airlines_atlantic_operations"},{"name":"column_b","title":"Column B","type":"string","rdfType":"http://www.w3.org/2001/XMLSchema#string","dwSourceId":"column_b"},{"name":"1995","title":"1995","type":"number","rdfType":"http://www.w3.org/2001/XMLSchema#decimal","dwSourceId":"1995"},{"name":"1996","title":"1996","type":"number","rdfType":"http://www.w3.org/2001/XMLSchema#decimal","dwSourceId":"1996"},{"name":"1997","title":"1997","type":"number","rdfType":"http://www.w3.org/2001/XMLSchema#decimal","dwSourceId":"1997"},{"name":"1998","title":"1998","type":"number","rdfType":"http://www.w3.org/2001/XMLSchema#decimal","dwSourceId":"1998"},{"name":"1999","title":"1999","type":"number","rdfType":"http://www.w3.org/2001/XMLSchema#decimal","dwSourceId":"1999"},{"name":"2000","title":"2000","type":"number","rdfType":"http://www.w3.org/2001/XMLSchema#decimal","dwSourceId":"2000"},{"name":"2001","title":"2001","type":"number","rdfType":"http://www.w3.org/2001/XMLSchema#decimal","dwSourceId":"2001"},{"name":"2002","title":"2002","type":"number","rdfType":"http://www.w3.org/2001/XMLSchema#decimal","dwSourceId":"2002"},{"name":"2003","title":"2003","type":"number","rdfType":"http://www.w3.org/2001/XMLSchema#decimal","dwSourceId":"2003"},{"name":"2004","title":"2004","type":"number","rdfType":"http://www.w3.org/2001/XMLSchema#decimal","dwSourceId":"2004"},{"name":"2005","title":"2005","type":"number","rdfType":"http://www.w3.org/2001/XMLSchema#decimal","dwSourceId":"2005"},{"name":"2006","title":"2006","type":"number","rdfType":"http://www.w3.org/2001/XMLSchema#decimal","dwSourceId":"2006"},{"name":"2007","title":"2007","type":"number","rdfType":"http://www.w3.org/2001/XMLSchema#decimal","dwSourceId":"2007"},{"name":"2008","title":"2008","type":"number","rdfType":"http://www.w3.org/2001/XMLSchema#decimal","dwSourceId":"2008"},{"name":"2009","title":"2009","type":"number","rdfType":"http://www.w3.org/2001/XMLSchema#decimal","dwSourceId":"2009"},{"name":"2010","title":"2010","type":"number","rdfType":"http://www.w3.org/2001/XMLSchema#decimal","dwSourceId":"2010"},{"name":"2011","title":"2011","type":"number","rdfType":"http://www.w3.org/2001/XMLSchema#decimal","dwSourceId":"2011"},{"name":"2012","title":"2012","type":"number","rdfType":"http://www.w3.org/2001/XMLSchema#decimal","dwSourceId":"2012"},{"name":"2013","title":"2013","type":"number","rdfType":"http://www.w3.org/2001/XMLSchema#decimal","dwSourceId":"2013"},{"name":"2014","title":"2014","type":"number","rdfType":"http://www.w3.org/2001/XMLSchema#decimal","dwSourceId":"2014"},{"name":"2015","title":"2015","type":"number","rdfType":"http://www.w3.org/2001/XMLSchema#decimal","dwSourceId":"2015"}]},"path":"data/traffic_capacity_united_airlines.csv","format":"csv"},{"name":"united_airlines_aircraft_operating_statistics_actuals","schema":{"fields":[{"name":"column_a","title":"Column A","type":"string","rdfType":"http://www.w3.org/2001/XMLSchema#string","dwSourceId":"column_a"},{"name":"1995","title":"1995","type":"number","rdfType":"http://www.w3.org/2001/XMLSchema#decimal","dwSourceId":"1995"},{"name":"1996","title":"1996","type":"number","rdfType":"http://www.w3.org/2001/XMLSchema#decimal","dwSourceId":"1996"},{"name":"1997","title":"1997","type":"number","rdfType":"http://www.w3.org/2001/XMLSchema#decimal","dwSourceId":"1997"},{"name":"1998","title":"1998","type":"number","rdfType":"http://www.w3.org/2001/XMLSchema#decimal","dwSourceId":"1998"},{"name":"1999","title":"1999","type":"number","rdfType":"http://www.w3.org/2001/XMLSchema#decimal","dwSourceId":"1999"},{"name":"2000","title":"2000","type":"number","rdfType":"http://www.w3.org/2001/XMLSchema#decimal","dwSourceId":"2000"},{"name":"2001","title":"2001","type":"number","rdfType":"http://www.w3.org/2001/XMLSchema#decimal","dwSourceId":"2001"},{"name":"2002","title":"2002","type":"number","rdfType":"http://www.w3.org/2001/XMLSchema#decimal","dwSourceId":"2002"},{"name":"2003","title":"2003","type":"number","rdfType":"http://www.w3.org/2001/XMLSchema#decimal","dwSourceId":"2003"},{"name":"2004","title":"2004","type":"number","rdfType":"http://www.w3.org/2001/XMLSchema#decimal","dwSourceId":"2004"},{"name":"2005","title":"2005","type":"number","rdfType":"http://www.w3.org/2001/XMLSchema#decimal","dwSourceId":"2005"},{"name":"2006","title":"2006","type":"number","rdfType":"http://www.w3.org/2001/XMLSchema#decimal","dwSourceId":"2006"},{"name":"2007","title":"2007","type":"number","rdfType":"http://www.w3.org/2001/XMLSchema#decimal","dwSourceId":"2007"},{"name":"2008","title":"2008","type":"number","rdfType":"http://www.w3.org/2001/XMLSchema#decimal","dwSourceId":"2008"},{"name":"2009","title":"2009","type":"number","rdfType":"http://www.w3.org/2001/XMLSchema#decimal","dwSourceId":"2009"},{"name":"2010","title":"2010","type":"number","rdfType":"http://www.w3.org/2001/XMLSchema#decimal","dwSourceId":"2010"},{"name":"2011","title":"2011","type":"number","rdfType":"http://www.w3.org/2001/XMLSchema#decimal","dwSourceId":"2011"},{"name":"2012","title":"2012","type":"number","rdfType":"http://www.w3.org/2001/XMLSchema#decimal","dwSourceId":"2012"},{"name":"2013","title":"2013","type":"number","rdfType":"http://www.w3.org/2001/XMLSchema#decimal","dwSourceId":"2013"},{"name":"2014","title":"2014","type":"number","rdfType":"http://www.w3.org/2001/XMLSchema#decimal","dwSourceId":"2014"},{"name":"2015","title":"2015","type":"number","rdfType":"http://www.w3.org/2001/XMLSchema#decimal","dwSourceId":"2015"}]},"path":"data/united_airlines_aircraft_operating_statistics_actuals.csv","format":"csv"},{"name":"united_airlines_aircraft_operating_statistics_cost_per_block_hour_unadjusted","schema":{"fields":[{"name":"column_a","title":"Column A","type":"string","rdfType":"http://www.w3.org/2001/XMLSchema#string","dwSourceId":"column_a"},{"name":"1995","title":"1995","type":"number","rdfType":"http://www.w3.org/2001/XMLSchema#decimal","dwSourceId":"1995"},{"name":"1996","title":"1996","type":"number","rdfType":"http://www.w3.org/2001/XMLSchema#decimal","dwSourceId":"1996"},{"name":"1997","title":"1997","type":"number","rdfType":"http://www.w3.org/2001/XMLSchema#decimal","dwSourceId":"1997"},{"name":"1998","title":"1998","type":"number","rdfType":"http://www.w3.org/2001/XMLSchema#decimal","dwSourceId":"1998"},{"name":"1999","title":"1999","type":"number","rdfType":"http://www.w3.org/2001/XMLSchema#decimal","dwSourceId":"1999"},{"name":"2000","title":"2000","type":"number","rdfType":"http://www.w3.org/2001/XMLSchema#decimal","dwSourceId":"2000"},{"name":"2001","title":"2001","type":"number","rdfType":"http://www.w3.org/2001/XMLSchema#decimal","dwSourceId":"2001"},{"name":"2002","title":"2002","type":"number","rdfType":"http://www.w3.org/2001/XMLSchema#decimal","dwSourceId":"2002"},{"name":"2003","title":"2003","type":"number","rdfType":"http://www.w3.org/2001/XMLSchema#decimal","dwSourceId":"2003"},{"name":"2004","title":"2004","type":"number","rdfType":"http://www.w3.org/2001/XMLSchema#decimal","dwSourceId":"2004"},{"name":"2005","title":"2005","type":"number","rdfType":"http://www.w3.org/2001/XMLSchema#decimal","dwSourceId":"2005"},{"name":"2006","title":"2006","type":"number","rdfType":"http://www.w3.org/2001/XMLSchema#decimal","dwSourceId":"2006"},{"name":"2007","title":"2007","type":"number","rdfType":"http://www.w3.org/2001/XMLSchema#decimal","dwSourceId":"2007"},{"name":"2008","title":"2008","type":"number","rdfType":"http://www.w3.org/2001/XMLSchema#decimal","dwSourceId":"2008"},{"name":"2009","title":"2009","type":"number","rdfType":"http://www.w3.org/2001/XMLSchema#decimal","dwSourceId":"2009"},{"name":"2010","title":"2010","type":"number","rdfType":"http://www.w3.org/2001/XMLSchema#decimal","dwSourceId":"2010"},{"name":"2011","title":"2011","type":"number","rdfType":"http://www.w3.org/2001/XMLSchema#decimal","dwSourceId":"2011"},{"name":"2012","title":"2012","type":"number","rdfType":"http://www.w3.org/2001/XMLSchema#decimal","dwSourceId":"2012"},{"name":"2013","title":"2013","type":"number","rdfType":"http://www.w3.org/2001/XMLSchema#decimal","dwSourceId":"2013"},{"name":"2014","title":"2014","type":"number","rdfType":"http://www.w3.org/2001/XMLSchema#decimal","dwSourceId":"2014"},{"name":"2015","title":"2015","type":"number","rdfType":"http://www.w3.org/2001/XMLSchema#decimal","dwSourceId":"2015"}]},"path":"data/united_airlines_aircraft_operating_statistics_cost_per_block_hour_unadjusted.csv","format":"csv"},{"name":"united_airlines_employee_data_and_analysis","schema":{"fields":[{"name":"traffic_indicies","title":"Traffic Indicies","type":"string","rdfType":"http://www.w3.org/2001/XMLSchema#string","dwSourceId":"traffic_indicies"},{"name":"1995","title":"1995","type":"number","rdfType":"http://www.w3.org/2001/XMLSchema#decimal","dwSourceId":"1995"},{"name":"1996","title":"1996","type":"number","rdfType":"http://www.w3.org/2001/XMLSchema#decimal","dwSourceId":"1996"},{"name":"1997","title":"1997","type":"number","rdfType":"http://www.w3.org/2001/XMLSchema#decimal","dwSourceId":"1997"},{"name":"1998","title":"1998","type":"number","rdfType":"http://www.w3.org/2001/XMLSchema#decimal","dwSourceId":"1998"},{"name":"1999","title":"1999","type":"number","rdfType":"http://www.w3.org/2001/XMLSchema#decimal","dwSourceId":"1999"},{"name":"2000","title":"2000","type":"number","rdfType":"http://www.w3.org/2001/XMLSchema#decimal","dwSourceId":"2000"},{"name":"2001","title":"2001","type":"number","rdfType":"http://www.w3.org/2001/XMLSchema#decimal","dwSourceId":"2001"},{"name":"2002","title":"2002","type":"number","rdfType":"http://www.w3.org/2001/XMLSchema#decimal","dwSourceId":"2002"},{"name":"2003","title":"2003","type":"number","rdfType":"http://www.w3.org/2001/XMLSchema#decimal","dwSourceId":"2003"},{"name":"2004","title":"2004","type":"number","rdfType":"http://www.w3.org/2001/XMLSchema#decimal","dwSourceId":"2004"},{"name":"2005","title":"2005","type":"number","rdfType":"http://www.w3.org/2001/XMLSchema#decimal","dwSourceId":"2005"},{"name":"2006","title":"2006","type":"number","rdfType":"http://www.w3.org/2001/XMLSchema#decimal","dwSourceId":"2006"},{"name":"2007","title":"2007","type":"number","rdfType":"http://www.w3.org/2001/XMLSchema#decimal","dwSourceId":"2007"},{"name":"2008","title":"2008","type":"number","rdfType":"http://www.w3.org/2001/XMLSchema#decimal","dwSourceId":"2008"},{"name":"2009","title":"2009","type":"number","rdfType":"http://www.w3.org/2001/XMLSchema#decimal","dwSourceId":"2009"},{"name":"2010","title":"2010","type":"number","rdfType":"http://www.w3.org/2001/XMLSchema#decimal","dwSourceId":"2010"},{"name":"2011","title":"2011","type":"number","rdfType":"http://www.w3.org/2001/XMLSchema#decimal","dwSourceId":"2011"},{"name":"2012","title":"2012","type":"number","rdfType":"http://www.w3.org/2001/XMLSchema#decimal","dwSourceId":"2012"},{"name":"2013","title":"2013","type":"number","rdfType":"http://www.w3.org/2001/XMLSchema#decimal","dwSourceId":"2013"},{"name":"2014","title":"2014","type":"number","rdfType":"http://www.w3.org/2001/XMLSchema#decimal","dwSourceId":"2014"},{"name":"2015","title":"2015","type":"number","rdfType":"http://www.w3.org/2001/XMLSchema#decimal","dwSourceId":"2015"}]},"path":"data/united_airlines_employee_data_and_analysis.csv","format":"csv"},{"name":"original/ADP_introduction.pdf","description":"A presentation that summarizes some of the data and analysis that can be found within the Airline Data Project","path":"original/ADP_introduction.pdf","format":"pdf","mediatype":"application/pdf","bytes":6985705,"keywords":["documentation","report"]},{"name":"original/Traffic&Capacity United Airlines.xls","path":"original/Traffic&Capacity United Airlines.xls","format":"xls","mediatype":"application/vnd.ms-excel","bytes":84992},{"name":"original/United Airlines Aircraft Operating Statistics- Actuals.xls","path":"original/United Airlines Aircraft Operating Statistics- Actuals.xls","format":"xls","mediatype":"application/vnd.ms-excel","bytes":103424},{"name":"original/United Airlines Aircraft Operating Statistics- Cost Per Block Hour (Unadjusted).xls","path":"original/United Airlines Aircraft Operating Statistics- Cost Per Block Hour (Unadjusted).xls","format":"xls","mediatype":"application/vnd.ms-excel","bytes":81920},{"name":"original/United Airlines Employee Data and Analysis.xls","path":"original/United Airlines Employee Data and Analysis.xls","format":"xls","mediatype":"application/vnd.ms-excel","bytes":69632}],"keywords":["airlines","travel","transportation","planes","alaska airlines","allegiant air","america west airlines","american airlines","continental airlines","delta air lines","frontier airlines","hawaiian airlines","jetblue airways","northwest airlines","southwest airlines","spirit airlines","united airlines","us airways"]}