{"name":"city-of-bloomington_117733fb-31cb-480a-8b30-fbf425a690cd","title":"Traffic Data","description":"Traffic Data\n\nThis data set contains information related to from counters of Traffic Counts and Accidents. Please contact The Department of Planning and Transportation if you have any questions: https://bloomington.in.gov/departments/planning-and-transportation , planning@bloomington.in.gov , 401 N Morton St, Suite 130 Bloomington, IN 47404 , Phone: (812) 349-3423, Fax: (812) 349-3520\n\nSource: https://data.bloomington.in.gov/dataset/traffic-data  \nLast updated at https://data.bloomington.in.gov/dataset : 2021-01-07","homepage":"https://data.world/city-of-bloomington/117733fb-31cb-480a-8b30-fbf425a690cd","license":"CC-BY","resources":[{"name":"crash_data_monroe_county_2003_to_2015_1","schema":{"fields":[{"name":"master_record_number","title":"Master Record Number","type":"integer","rdfType":"http://www.w3.org/2001/XMLSchema#integer","dwSourceId":"master_record_number"},{"name":"year","title":"Year","type":"gyear","rdfType":"http://www.w3.org/2001/XMLSchema#gYear","dwSourceId":"year"},{"name":"month","title":"Month","type":"integer","rdfType":"http://www.w3.org/2001/XMLSchema#integer","dwSourceId":"month"},{"name":"day","title":"Day","type":"integer","rdfType":"http://www.w3.org/2001/XMLSchema#integer","dwSourceId":"day"},{"name":"weekend","title":"Weekend?","type":"string","rdfType":"http://www.w3.org/2001/XMLSchema#string","dwSourceId":"weekend"},{"name":"hour","title":"Hour","type":"integer","rdfType":"http://www.w3.org/2001/XMLSchema#integer","dwSourceId":"hour"},{"name":"collision_type","title":"Collision Type","type":"string","rdfType":"http://www.w3.org/2001/XMLSchema#string","dwSourceId":"collision_type"},{"name":"injury_type","title":"Injury Type","type":"string","rdfType":"http://www.w3.org/2001/XMLSchema#string","dwSourceId":"injury_type"},{"name":"primary_factor","title":"Primary Factor","type":"string","rdfType":"http://www.w3.org/2001/XMLSchema#string","dwSourceId":"primary_factor"},{"name":"reported_location","title":"Reported_Location","type":"string","rdfType":"http://www.w3.org/2001/XMLSchema#string","dwSourceId":"reported_location"},{"name":"latitude","title":"Latitude","type":"number","rdfType":"http://www.w3.org/2001/XMLSchema#decimal","dwSourceId":"latitude"},{"name":"longitude","title":"Longitude","type":"number","rdfType":"http://www.w3.org/2001/XMLSchema#decimal","dwSourceId":"longitude"},{"name":"date","title":" Date","type":"date","rdfType":"http://www.w3.org/2001/XMLSchema#date","dwSourceId":"date"},{"name":"location","title":" Location","type":"string","rdfType":"http://www.opengis.net/ont/OGC-GeoSPARQL/1.0/Point","dwSourceId":"location"}]},"path":"data/crash_data_monroe_county_2003_to_2015_1.csv","format":"csv"},{"name":"crash_data_monroe_county_2013_2018_7","schema":{"fields":[{"name":"agency","title":"Agency","type":"string","rdfType":"http://www.w3.org/2001/XMLSchema#string","dwSourceId":"agency"},{"name":"city","title":"City","type":"string","rdfType":"http://www.w3.org/2001/XMLSchema#string","dwSourceId":"city"},{"name":"date","title":"DATE","type":"date","rdfType":"http://www.w3.org/2001/XMLSchema#date","dwSourceId":"date"},{"name":"time","title":"TIME","type":"string","rdfType":"http://www.w3.org/2001/XMLSchema#string","dwSourceId":"time"},{"name":"veh","title":"VEH#","type":"integer","rdfType":"http://www.w3.org/2001/XMLSchema#integer","dwSourceId":"veh"},{"name":"trailers","title":"Trailers","type":"integer","rdfType":"http://www.w3.org/2001/XMLSchema#integer","dwSourceId":"trailers"},{"name":"inj","title":"INJ","type":"integer","rdfType":"http://www.w3.org/2001/XMLSchema#integer","dwSourceId":"inj"},{"name":"dead","title":"DEAD","type":"integer","rdfType":"http://www.w3.org/2001/XMLSchema#integer","dwSourceId":"dead"},{"name":"deer","title":"DEER","type":"integer","rdfType":"http://www.w3.org/2001/XMLSchema#integer","dwSourceId":"deer"},{"name":"house","title":"House#","type":"string","rdfType":"http://www.w3.org/2001/XMLSchema#string","dwSourceId":"house"},{"name":"roadway_id","title":"Roadway Id","type":"string","rdfType":"http://www.w3.org/2001/XMLSchema#string","dwSourceId":"roadway_id"},{"name":"intersect_rd","title":"Intersect Rd.","type":"string","rdfType":"http://www.w3.org/2001/XMLSchema#string","dwSourceId":"intersect_rd"},{"name":"interchange","title":"Interchange","type":"string","rdfType":"http://www.w3.org/2001/XMLSchema#string","dwSourceId":"interchange"},{"name":"ramp","title":"Ramp","type":"string","rdfType":"http://www.w3.org/2001/XMLSchema#string","dwSourceId":"ramp"},{"name":"property_type","title":"Property Type","type":"string","rdfType":"http://www.w3.org/2001/XMLSchema#string","dwSourceId":"property_type"},{"name":"feet_from","title":"Feet From","type":"integer","rdfType":"http://www.w3.org/2001/XMLSchema#integer","dwSourceId":"feet_from"},{"name":"dir","title":"Dir","type":"string","rdfType":"http://www.w3.org/2001/XMLSchema#string","dwSourceId":"dir"},{"name":"latitude","title":"Latitude","type":"number","rdfType":"http://www.w3.org/2001/XMLSchema#decimal","dwSourceId":"latitude"},{"name":"longitude","title":"Longitude","type":"number","rdfType":"http://www.w3.org/2001/XMLSchema#decimal","dwSourceId":"longitude"},{"name":"road_class","title":"Road Class","type":"string","rdfType":"http://www.w3.org/2001/XMLSchema#string","dwSourceId":"road_class"},{"name":"h_r","title":"H&R","type":"boolean","rdfType":"http://www.w3.org/2001/XMLSchema#boolean","dwSourceId":"h_r"},{"name":"locality","title":"Locality","type":"string","rdfType":"http://www.w3.org/2001/XMLSchema#string","dwSourceId":"locality"},{"name":"school","title":"School","type":"boolean","rdfType":"http://www.w3.org/2001/XMLSchema#boolean","dwSourceId":"school"},{"name":"rumble_strips","title":"Rumble Strips","type":"boolean","rdfType":"http://www.w3.org/2001/XMLSchema#boolean","dwSourceId":"rumble_strips"},{"name":"cn_zone","title":"CN Zone","type":"string","rdfType":"http://www.w3.org/2001/XMLSchema#string","dwSourceId":"cn_zone"},{"name":"cn_type","title":"CN Type","type":"string","rdfType":"http://www.w3.org/2001/XMLSchema#string","dwSourceId":"cn_type"},{"name":"light","title":"Light","type":"string","rdfType":"http://www.w3.org/2001/XMLSchema#string","dwSourceId":"light"},{"name":"weather","title":"Weather","type":"string","rdfType":"http://www.w3.org/2001/XMLSchema#string","dwSourceId":"weather"},{"name":"surf_con","title":"Surf Con","type":"string","rdfType":"http://www.w3.org/2001/XMLSchema#string","dwSourceId":"surf_con"},{"name":"median","title":"Median","type":"string","rdfType":"http://www.w3.org/2001/XMLSchema#string","dwSourceId":"median"},{"name":"rd_junction","title":"Rd Junction","type":"string","rdfType":"http://www.w3.org/2001/XMLSchema#string","dwSourceId":"rd_junction"},{"name":"road_char","title":"Road Char","type":"string","rdfType":"http://www.w3.org/2001/XMLSchema#string","dwSourceId":"road_char"},{"name":"surface","title":"Surface","type":"string","rdfType":"http://www.w3.org/2001/XMLSchema#string","dwSourceId":"surface"},{"name":"primary_factor","title":"Primary Factor","type":"string","rdfType":"http://www.w3.org/2001/XMLSchema#string","dwSourceId":"primary_factor"},{"name":"collision_type","title":"Collision Type","type":"string","rdfType":"http://www.w3.org/2001/XMLSchema#string","dwSourceId":"collision_type"},{"name":"unique_id","title":"Unique Id","type":"string","rdfType":"http://www.w3.org/2001/XMLSchema#string","dwSourceId":"unique_id"},{"name":"traffic_control","title":"Traffic Control","type":"string","rdfType":"http://www.w3.org/2001/XMLSchema#string","dwSourceId":"traffic_control"},{"name":"location","title":" Location","type":"string","rdfType":"http://www.opengis.net/ont/OGC-GeoSPARQL/1.0/Point","dwSourceId":"location"}]},"path":"data/crash_data_monroe_county_2013_2018_7.csv","format":"csv"},{"name":"crash_data_monroe_county_2019_3","schema":{"fields":[{"name":"master_record_number","title":"Master Record Number","type":"integer","rdfType":"http://www.w3.org/2001/XMLSchema#integer","dwSourceId":"master_record_number"},{"name":"agency","title":"Agency","type":"string","rdfType":"http://www.w3.org/2001/XMLSchema#string","dwSourceId":"agency"},{"name":"local_code","title":"Local Code","type":"string","rdfType":"http://www.w3.org/2001/XMLSchema#string","dwSourceId":"local_code"},{"name":"county","title":"County","type":"string","rdfType":"http://www.w3.org/2001/XMLSchema#string","dwSourceId":"county"},{"name":"township","title":"Township","type":"string","rdfType":"http://www.w3.org/2001/XMLSchema#string","dwSourceId":"township"},{"name":"city","title":"City","type":"string","rdfType":"http://www.w3.org/2001/XMLSchema#string","dwSourceId":"city"},{"name":"collision_date","title":"Collision Date","type":"date","rdfType":"http://www.w3.org/2001/XMLSchema#date","dwSourceId":"collision_date"},{"name":"collision_time","title":"Collision Time","type":"string","rdfType":"http://www.w3.org/2001/XMLSchema#string","dwSourceId":"collision_time"},{"name":"vehicles_involved","title":"Vehicles Involved","type":"integer","rdfType":"http://www.w3.org/2001/XMLSchema#integer","dwSourceId":"vehicles_involved"},{"name":"trailers_involved","title":"Trailers Involved","type":"integer","rdfType":"http://www.w3.org/2001/XMLSchema#integer","dwSourceId":"trailers_involved"},{"name":"number_injured","title":"Number Injured","type":"integer","rdfType":"http://www.w3.org/2001/XMLSchema#integer","dwSourceId":"number_injured"},{"name":"number_dead","title":"Number Dead","type":"boolean","rdfType":"http://www.w3.org/2001/XMLSchema#boolean","dwSourceId":"number_dead"},{"name":"number_deer","title":"Number Deer","type":"integer","rdfType":"http://www.w3.org/2001/XMLSchema#integer","dwSourceId":"number_deer"},{"name":"house_number","title":"House Number","type":"integer","rdfType":"http://www.w3.org/2001/XMLSchema#integer","dwSourceId":"house_number"},{"name":"roadway_name","title":"Roadway Name","type":"string","rdfType":"http://www.w3.org/2001/XMLSchema#string","dwSourceId":"roadway_name"},{"name":"roadway_suffix","title":"Roadway Suffix","type":"string","rdfType":"http://www.w3.org/2001/XMLSchema#string","dwSourceId":"roadway_suffix"},{"name":"roadway_number","title":"Roadway Number","type":"string","rdfType":"http://www.w3.org/2001/XMLSchema#string","dwSourceId":"roadway_number"},{"name":"roadway_interchange","title":"Roadway Interchange","type":"string","rdfType":"http://www.w3.org/2001/XMLSchema#string","dwSourceId":"roadway_interchange"},{"name":"roadway_ramp","title":"Roadway Ramp","type":"string","rdfType":"http://www.w3.org/2001/XMLSchema#string","dwSourceId":"roadway_ramp"},{"name":"roadway_id","title":"Roadway Id","type":"string","rdfType":"http://www.w3.org/2001/XMLSchema#string","dwSourceId":"roadway_id"},{"name":"intersecting_road","title":"Intersecting Road","type":"string","rdfType":"http://www.w3.org/2001/XMLSchema#string","dwSourceId":"intersecting_road"},{"name":"intersecting_road_number","title":"Intersecting Road Number","type":"string","rdfType":"http://www.w3.org/2001/XMLSchema#string","dwSourceId":"intersecting_road_number"},{"name":"mile_marker","title":"Mile Marker","type":"number","rdfType":"http://www.w3.org/2001/XMLSchema#decimal","dwSourceId":"mile_marker"},{"name":"interchange","title":"Interchange","type":"string","rdfType":"http://data.world/null","dwSourceId":"interchange"},{"name":"corporate_limits","title":"Corporate Limits?","type":"boolean","rdfType":"http://www.w3.org/2001/XMLSchema#boolean","dwSourceId":"corporate_limits"},{"name":"property_type","title":"Property Type","type":"string","rdfType":"http://www.w3.org/2001/XMLSchema#string","dwSourceId":"property_type"},{"name":"feet_from","title":"Feet From","type":"integer","rdfType":"http://www.w3.org/2001/XMLSchema#integer","dwSourceId":"feet_from"},{"name":"direction","title":"Direction","type":"string","rdfType":"http://www.w3.org/2001/XMLSchema#string","dwSourceId":"direction"},{"name":"latitude","title":"Latitude","type":"number","rdfType":"http://www.w3.org/2001/XMLSchema#decimal","dwSourceId":"latitude"},{"name":"longitude","title":"Longitude","type":"number","rdfType":"http://www.w3.org/2001/XMLSchema#decimal","dwSourceId":"longitude"},{"name":"roadway_class","title":"Roadway Class","type":"string","rdfType":"http://www.w3.org/2001/XMLSchema#string","dwSourceId":"roadway_class"},{"name":"traffic_control_devices","title":"Traffic Control Devices?","type":"boolean","rdfType":"http://www.w3.org/2001/XMLSchema#boolean","dwSourceId":"traffic_control_devices"},{"name":"aggressive_driving","title":"Aggressive Driving?","type":"boolean","rdfType":"http://www.w3.org/2001/XMLSchema#boolean","dwSourceId":"aggressive_driving"},{"name":"hit_and_run","title":"Hit and Run?","type":"boolean","rdfType":"http://www.w3.org/2001/XMLSchema#boolean","dwSourceId":"hit_and_run"},{"name":"locality","title":"Locality","type":"string","rdfType":"http://www.w3.org/2001/XMLSchema#string","dwSourceId":"locality"},{"name":"school_zone","title":"School Zone?","type":"boolean","rdfType":"http://www.w3.org/2001/XMLSchema#boolean","dwSourceId":"school_zone"},{"name":"rumble_strips","title":"Rumble Strips?","type":"boolean","rdfType":"http://www.w3.org/2001/XMLSchema#boolean","dwSourceId":"rumble_strips"},{"name":"construction","title":"Construction?","type":"string","rdfType":"http://www.w3.org/2001/XMLSchema#string","dwSourceId":"construction"},{"name":"construction_type","title":"Construction Type","type":"string","rdfType":"http://www.w3.org/2001/XMLSchema#string","dwSourceId":"construction_type"},{"name":"light_condition","title":"Light Condition","type":"string","rdfType":"http://www.w3.org/2001/XMLSchema#string","dwSourceId":"light_condition"},{"name":"weather_conditions","title":"Weather Conditions","type":"string","rdfType":"http://www.w3.org/2001/XMLSchema#string","dwSourceId":"weather_conditions"},{"name":"surface_condition","title":"Surface Condition","type":"string","rdfType":"http://www.w3.org/2001/XMLSchema#string","dwSourceId":"surface_condition"},{"name":"type_of_median","title":"Type of Median","type":"string","rdfType":"http://www.w3.org/2001/XMLSchema#string","dwSourceId":"type_of_median"},{"name":"roadway_junction_type","title":"Roadway Junction Type","type":"string","rdfType":"http://www.w3.org/2001/XMLSchema#string","dwSourceId":"roadway_junction_type"},{"name":"road_character","title":"Road Character","type":"string","rdfType":"http://www.w3.org/2001/XMLSchema#string","dwSourceId":"road_character"},{"name":"roadway_surface","title":"Roadway Surface","type":"string","rdfType":"http://www.w3.org/2001/XMLSchema#string","dwSourceId":"roadway_surface"},{"name":"primary_factor","title":"Primary Factor","type":"string","rdfType":"http://www.w3.org/2001/XMLSchema#string","dwSourceId":"primary_factor"},{"name":"damage_estimate","title":"Damage Estimate","type":"string","rdfType":"http://www.w3.org/2001/XMLSchema#string","dwSourceId":"damage_estimate"},{"name":"manner_of_collision","title":"Manner of Collision","type":"string","rdfType":"http://www.w3.org/2001/XMLSchema#string","dwSourceId":"manner_of_collision"},{"name":"time_notified","title":"Time Notified","type":"integer","rdfType":"http://www.w3.org/2001/XMLSchema#integer","dwSourceId":"time_notified"},{"name":"time_arrived","title":"Time Arrived","type":"integer","rdfType":"http://www.w3.org/2001/XMLSchema#integer","dwSourceId":"time_arrived"},{"name":"investigation_complete","title":"Investigation Complete?","type":"boolean","rdfType":"http://www.w3.org/2001/XMLSchema#boolean","dwSourceId":"investigation_complete"},{"name":"photos_taken","title":"Photos Taken?","type":"boolean","rdfType":"http://www.w3.org/2001/XMLSchema#boolean","dwSourceId":"photos_taken"},{"name":"unique_location_id","title":"Unique Location Id","type":"string","rdfType":"http://www.w3.org/2001/XMLSchema#string","dwSourceId":"unique_location_id"},{"name":"state_property_damage","title":"State Property Damage?","type":"integer","rdfType":"http://www.w3.org/2001/XMLSchema#integer","dwSourceId":"state_property_damage"},{"name":"traffic_control","title":"Traffic Control","type":"string","rdfType":"http://www.w3.org/2001/XMLSchema#string","dwSourceId":"traffic_control"},{"name":"narrative","title":"NARRATIVE","type":"string","rdfType":"http://www.w3.org/2001/XMLSchema#string","dwSourceId":"narrative"},{"name":"location","title":" Location","type":"string","rdfType":"http://www.opengis.net/ont/OGC-GeoSPARQL/1.0/Point","dwSourceId":"location"}]},"path":"data/crash_data_monroe_county_2019_3.csv","format":"csv"},{"name":"pedestrian_and_bicyclist_counts_2017_8","schema":{"fields":[{"name":"date","title":"Date","type":"string","rdfType":"http://www.w3.org/2001/XMLSchema#string","dwSourceId":"date"},{"name":"7th_and_park_campus","title":"7th and Park Campus","type":"integer","rdfType":"http://www.w3.org/2001/XMLSchema#integer","dwSourceId":"7th_and_park_campus"},{"name":"7th_underpass","title":"7th underpass","type":"integer","rdfType":"http://www.w3.org/2001/XMLSchema#integer","dwSourceId":"7th_underpass"},{"name":"7th_underpass_pedestrians","title":"7th underpass Pedestrians","type":"integer","rdfType":"http://www.w3.org/2001/XMLSchema#integer","dwSourceId":"7th_underpass_pedestrians"},{"name":"7th_underpass_cyclists","title":"7th underpass Cyclists","type":"integer","rdfType":"http://www.w3.org/2001/XMLSchema#integer","dwSourceId":"7th_underpass_cyclists"},{"name":"bline_convention_cntr","title":"Bline Convention Cntr","type":"integer","rdfType":"http://www.w3.org/2001/XMLSchema#integer","dwSourceId":"bline_convention_cntr"},{"name":"pedestrians","title":"Pedestrians","type":"integer","rdfType":"http://www.w3.org/2001/XMLSchema#integer","dwSourceId":"pedestrians"},{"name":"cyclists","title":"Cyclists","type":"integer","rdfType":"http://www.w3.org/2001/XMLSchema#integer","dwSourceId":"cyclists"},{"name":"jordan_and_7th","title":"Jordan and 7th","type":"integer","rdfType":"http://www.w3.org/2001/XMLSchema#integer","dwSourceId":"jordan_and_7th"},{"name":"n_college_and_rr","title":"N College and RR","type":"integer","rdfType":"http://www.w3.org/2001/XMLSchema#integer","dwSourceId":"n_college_and_rr"},{"name":"s_walnut_and_wylie","title":"S Walnut and Wylie","type":"integer","rdfType":"http://www.w3.org/2001/XMLSchema#integer","dwSourceId":"s_walnut_and_wylie"}]},"path":"data/pedestrian_and_bicyclist_counts_2017_8.csv","format":"csv"},{"name":"pedestrian_and_bicyclist_counts_2018_6","schema":{"fields":[{"name":"date","title":"Date","type":"string","rdfType":"http://www.w3.org/2001/XMLSchema#string","dwSourceId":"date"},{"name":"7th_and_park_campus","title":"7th and Park Campus","type":"integer","rdfType":"http://www.w3.org/2001/XMLSchema#integer","dwSourceId":"7th_and_park_campus"},{"name":"7th_underpass","title":"7th underpass","type":"integer","rdfType":"http://www.w3.org/2001/XMLSchema#integer","dwSourceId":"7th_underpass"},{"name":"7th_underpass_pedestrians","title":"7th underpass Pedestrians","type":"integer","rdfType":"http://www.w3.org/2001/XMLSchema#integer","dwSourceId":"7th_underpass_pedestrians"},{"name":"7th_underpass_cyclists","title":"7th underpass Cyclists","type":"integer","rdfType":"http://www.w3.org/2001/XMLSchema#integer","dwSourceId":"7th_underpass_cyclists"},{"name":"bline_convention_cntr","title":"Bline Convention Cntr","type":"integer","rdfType":"http://www.w3.org/2001/XMLSchema#integer","dwSourceId":"bline_convention_cntr"},{"name":"pedestrians","title":"Pedestrians","type":"integer","rdfType":"http://www.w3.org/2001/XMLSchema#integer","dwSourceId":"pedestrians"},{"name":"cyclists","title":"Cyclists","type":"integer","rdfType":"http://www.w3.org/2001/XMLSchema#integer","dwSourceId":"cyclists"},{"name":"jordan_and_7th","title":"Jordan and 7th","type":"integer","rdfType":"http://www.w3.org/2001/XMLSchema#integer","dwSourceId":"jordan_and_7th"},{"name":"n_college_and_rr","title":"N College and RR","type":"integer","rdfType":"http://www.w3.org/2001/XMLSchema#integer","dwSourceId":"n_college_and_rr"},{"name":"s_walnut_and_wylie","title":"S Walnut and Wylie","type":"integer","rdfType":"http://www.w3.org/2001/XMLSchema#integer","dwSourceId":"s_walnut_and_wylie"}]},"path":"data/pedestrian_and_bicyclist_counts_2018_6.csv","format":"csv"},{"name":"pedestrian_and_bicyclist_counts_2019_5","schema":{"fields":[{"name":"id","title":"_ID","type":"string","rdfType":"http://data.world/null","dwSourceId":"id"},{"name":"time","title":"Time","type":"datetime","rdfType":"http://www.w3.org/2001/XMLSchema#dateTime","dwSourceId":"time"},{"name":"bline_convention_cntr","title":"Bline Convention Cntr","type":"integer","rdfType":"http://www.w3.org/2001/XMLSchema#integer","dwSourceId":"bline_convention_cntr"},{"name":"7th_and_park_campus","title":"7th and Park Campus","type":"integer","rdfType":"http://www.w3.org/2001/XMLSchema#integer","dwSourceId":"7th_and_park_campus"},{"name":"jordan_and_7th","title":"Jordan and 7th","type":"integer","rdfType":"http://www.w3.org/2001/XMLSchema#integer","dwSourceId":"jordan_and_7th"},{"name":"n_college_and_rr","title":"N College and RR","type":"integer","rdfType":"http://www.w3.org/2001/XMLSchema#integer","dwSourceId":"n_college_and_rr"},{"name":"s_walnut_and_wylie","title":"S Walnut and Wylie","type":"integer","rdfType":"http://www.w3.org/2001/XMLSchema#integer","dwSourceId":"s_walnut_and_wylie"}]},"path":"data/pedestrian_and_bicyclist_counts_2019_5.csv","format":"csv"},{"name":"traffic_count_1992_1_2019_12_9","schema":{"fields":[{"name":"loc_id","title":"Loc ID","type":"string","rdfType":"http://www.w3.org/2001/XMLSchema#string","dwSourceId":"loc_id"},{"name":"county","title":"County","type":"string","rdfType":"http://www.w3.org/2001/XMLSchema#string","dwSourceId":"county"},{"name":"community","title":"Community","type":"string","rdfType":"http://www.w3.org/2001/XMLSchema#string","dwSourceId":"community"},{"name":"functional_class","title":"Functional Class","type":"string","rdfType":"http://www.w3.org/2001/XMLSchema#string","dwSourceId":"functional_class"},{"name":"rural_urban","title":"Rural Urban","type":"string","rdfType":"http://data.world/null","dwSourceId":"rural_urban"},{"name":"on","title":"On","type":"string","rdfType":"http://www.w3.org/2001/XMLSchema#string","dwSourceId":"on"},{"name":"from","title":"From","type":"string","rdfType":"http://www.w3.org/2001/XMLSchema#string","dwSourceId":"from"},{"name":"to","title":"To","type":"string","rdfType":"http://www.w3.org/2001/XMLSchema#string","dwSourceId":"to"},{"name":"approach","title":"Approach","type":"string","rdfType":"http://www.w3.org/2001/XMLSchema#string","dwSourceId":"approach"},{"name":"at","title":"At","type":"string","rdfType":"http://www.w3.org/2001/XMLSchema#string","dwSourceId":"at"},{"name":"dir","title":"Dir","type":"string","rdfType":"http://www.w3.org/2001/XMLSchema#string","dwSourceId":"dir"},{"name":"directions","title":"Directions","type":"string","rdfType":"http://www.w3.org/2001/XMLSchema#string","dwSourceId":"directions"},{"name":"category","title":"Category","type":"string","rdfType":"http://data.world/null","dwSourceId":"category"},{"name":"lrs_id","title":"LRS ID","type":"string","rdfType":"http://data.world/null","dwSourceId":"lrs_id"},{"name":"lrs_loc_pt","title":"LRS Loc Pt","type":"string","rdfType":"http://data.world/null","dwSourceId":"lrs_loc_pt"},{"name":"latitude","title":"Latitude","type":"number","rdfType":"http://www.w3.org/2001/XMLSchema#decimal","dwSourceId":"latitude"},{"name":"longitude","title":"Longitude","type":"number","rdfType":"http://www.w3.org/2001/XMLSchema#decimal","dwSourceId":"longitude"},{"name":"latest","title":"Latest","type":"integer","rdfType":"http://www.w3.org/2001/XMLSchema#integer","dwSourceId":"latest"},{"name":"latest_date","title":"Latest Date","type":"date","rdfType":"http://www.w3.org/2001/XMLSchema#date","dwSourceId":"latest_date"},{"name":"location","title":" Location","type":"string","rdfType":"http://www.opengis.net/ont/OGC-GeoSPARQL/1.0/Point","dwSourceId":"location"}]},"path":"data/traffic_count_1992_1_2019_12_9.csv","format":"csv"},{"name":"original/bicycle-and-pedestrian-facilities-and-count-locations-2020-pdf-10.pdf","path":"original/bicycle-and-pedestrian-facilities-and-count-locations-2020-pdf-10.pdf","format":"pdf","mediatype":"application/pdf","bytes":2599655},{"name":"original/crash-data-monroe-county-2003-to-2015-1.csv","path":"original/crash-data-monroe-county-2003-to-2015-1.csv","format":"csv","mediatype":"text/csv","bytes":6543461},{"name":"original/crash-data-monroe-county-2013-2018-7.csv","path":"original/crash-data-monroe-county-2013-2018-7.csv","format":"csv","mediatype":"text/csv","bytes":5041654},{"name":"original/crash-data-monroe-county-2019-3.csv","path":"original/crash-data-monroe-county-2019-3.csv","format":"csv","mediatype":"text/csv","bytes":3984701},{"name":"original/pedestrian-and-bicyclist-counters-map-2017-2.pdf","path":"original/pedestrian-and-bicyclist-counters-map-2017-2.pdf","format":"pdf","mediatype":"application/pdf","bytes":297829},{"name":"original/pedestrian-and-bicyclist-counts-2017-8.csv","path":"original/pedestrian-and-bicyclist-counts-2017-8.csv","format":"csv","mediatype":"text/csv","bytes":19285},{"name":"original/pedestrian-and-bicyclist-counts-2018-6.csv","path":"original/pedestrian-and-bicyclist-counts-2018-6.csv","format":"csv","mediatype":"text/csv","bytes":20709},{"name":"original/pedestrian-and-bicyclist-counts-2019-5.csv","path":"original/pedestrian-and-bicyclist-counts-2019-5.csv","format":"csv","mediatype":"text/csv","bytes":14692},{"name":"original/pedestrian-and-bicyclist-counts-2020-1-2020-08-4.csv","path":"original/pedestrian-and-bicyclist-counts-2020-1-2020-08-4.csv","format":"csv","mediatype":"text/csv","bytes":20543},{"name":"original/resource_links.md","path":"original/resource_links.md","format":"md","mediatype":"text/markdown","bytes":144},{"name":"original/traffic-count-1992-1-2019-12-9.csv","path":"original/traffic-count-1992-1-2019-12-9.csv","format":"csv","mediatype":"text/csv","bytes":160165}],"keywords":["bicycle","pedestrian","traffic","planning zoning","transportation"]}